{
   "Samples": [
      {
         "Message": "[\n   {\n      \"DeptCode\": \"IPU\",\n      \"Room\": \"4.3.5.3.1\",\n      \"Qte\": 0,\n      \"CostCenter\": \"W5.NFH2450\",\n      \"ProductCode\": \"5370155\",\n      \"BinLocation\": \"PROCESSED\"\n   },\n   {\n      \"DeptCode\": \"IPU\",\n      \"Room\": \"4.3.5.3.1\",\n      \"Qte\": \"50\",\n      \"CostCenter\": \"W5.NFH2450\",\n      \"ProductCode\": \"5370155\",\n      \"BinLocation\": \"DISCARDED\"\n   },\n   {\n      \"DeptCode\": \"IPU\",\n      \"Room\": \"4.3.5.3.1\",\n      \"Qte\": \"10\",\n      \"CostCenter\": \"W5.NFH2450\",\n      \"ProductCode\": \"5370171\",\n      \"BinLocation\": \"AC.10.2.P\"\n   },\n   {\n      \"DeptCode\": \"IPU\",\n      \"Room\": \"4.3.5.3.1\",\n      \"Qte\": 0,\n      \"CostCenter\": \"W5.NFH2450\",\n      \"ProductCode\": \"5241056\",\n      \"BinLocation\": \"PROCESSED\"\n   },\n   {\n      \"DeptCode\": \"IPU\",\n      \"Room\": \"4.3.5.3.1\",\n      \"Qte\": 0,\n      \"CostCenter\": \"W5.NFH2450\",\n      \"ProductCode\": \"5490031\",\n      \"BinLocation\": \"PROCESSED\"\n   }\n]",
         "Name": ""
      },
      {
         "Message": "[{\"CostCenter\":\"W5.NFH143A\",\n \"ProductCode\":\"5241021\",\n \"Qte\":\"4\",\n \"DeptCode\":\"AMB\",\n \"Room\":\"1.7.1\",\n \"BinLocation\":\"AD.12.4.S\"},\n{\"CostCenter\":\"W5.NFH1438\",\n \"ProductCode\":\"5160632\",\n \"Qte\":\"1\",\n \"DeptCode\":\"AMB\",\n \"Room\":\"1.7.1\",\n \"BinLocation\":\"AD.12.2.P\"},\n{\"CostCenter\":\"W5.NFH143A\",\n \"ProductCode\":\"5241021\",\n \"Qte\":\"4\",\n \"DeptCode\":\"AMB\",\n \"Room\":\"1.7.1\",\n \"BinLocation\":\"AD.12.4.P\"},\n]",
         "Name": ""
      }
   ]
}