{
   "Samples": [
      {
         "Message": "MSH|^~\\&|SIS|Long Island Jewish Medical Center|null|null|20131211163638||SIU^S12|2985|T|2.4||||||SCHEDULED\rSCH|2580662|2580662|||||^COCHLEAR DEVICE IMPLANTATION W/WO MASTOIDECTOMY - Location:   Right Qty:  * MICROSURG TQS REQ USE OPERATING MICROSCOPE Qty:  * FACIAL NERVE FUNCTION STUDIES Qty: ; Vambutas, Andrea||240|Min|1^^240^20131212090000^20131212130000|3278^Vambutas^Andrea||||||||11045^Gilliland^Laura^||||||\rPID|1||LJ-2499371||MCLOUGHLIN^JOHN^||20121116000000|Male|||^^^^^|||||||LJ-71100052\rPV1|1|O|1014^ OR 14||||3278^Vambutas^Andrea|3278^Vambutas^Andrea|||||||||||2580662\rRGS|1|A|2580662\rAIS|1|A|69930^COCHLEAR DEVICE IMPLANTATION W/WO MASTOIDECTOMY^CPT4|20131212090000|||240|Min\rNTE|1||\rAIS|2|A|69990^MICROSURG TQS REQ USE OPERATING MICROSCOPE^CPT4|20131212090000|||240|Min\rNTE|2||\rAIS|3|A|92516^FACIAL NERVE FUNCTION STUDIES^CPT4|20131212090000|||240|Min\rNTE|3||\rAIL|4|A|^1014^ OR 14^^GYN/Plastic|OR||20131212090000|||240|Min\rAIP|4|A|3278^Vambutas^Andrea|Doctor||20131212090000|||240|Min\r",
         "Name": ""
      },
      {
         "Message": "MSH|^~\\&|SIS|Long Island Jewish Medical Center|null|null|20131211190604||SIU^S12|4941|T|2.4||||||SCHEDULED\rSCH|2569748|2569748|||||^SEPTOPLASTY/SUBMUCOUS RESECJ W/WO CARTILAGE GRF Qty:  * SUBMUCOUS RESCJ INFERIOR TURBINATE PRTL/COMPL - Location:  Bilateral Qty:  * NASAL/SINUS ENDOSCOPY W/ETHMOIDECTOMY TOTAL - Location:  Bilateral Qty:  * NSL/SINUS NDSC MAX ANTROST W/RMVL TISS MAX; Marzouk, Haidy A||120|Min|1^^120^20131212130000^20131212150000|15094^Marzouk^Haidy||||||||11045^Gilliland^Laura^||||||\rPID|1||LJ-2520398||WILLIAMS^FRANKLYN^D||19520912000000|Male|||^^^^^|||||||LJ-76319489\rPV1|1|O|1010^ OR 10||||15094^Marzouk^Haidy|15094^Marzouk^Haidy|||||||||||2569748\rRGS|1|A|2569748\rAIS|1|A|30520^SEPTOPLASTY/SUBMUCOUS RESECJ W/WO CARTILAGE GRF^CPT4|20131212130000|||120|Min\rNTE|1||\rAIS|2|A|30140^SUBMUCOUS RESCJ INFERIOR TURBINATE PRTL/COMPL^CPT4|20131212130000|||120|Min\rNTE|2||\rAIS|3|A|31255^NASAL/SINUS ENDOSCOPY W/ETHMOIDECTOMY TOTAL^CPT4|20131212130000|||120|Min\rNTE|3||\rAIS|4|A|31267^NSL/SINUS NDSC MAX ANTROST W/RMVL TISS MAX SINUS^CPT4|20131212130000|||120|Min\rNTE|4||\rAIS|5|A|31276^NASAL/SINUS NDSC W/FRONTAL SINUS EXPLORATION^CPT4|20131212130000|||120|Min\rNTE|5||\rAIS|6|A|31288^NSL/SINUS NDSC SPHENDT RMVL TISS SPHENOID SINUS^CPT4|20131212130000|||120|Min\rNTE|6||\rAIL|7|A|^1010^ OR 10^^General Surgery|OR||20131212130000|||120|Min\rAIP|7|A|15094^Marzouk^Haidy|Doctor||20131212130000|||120|Min\r",
         "Name": ""
      },
      {
         "Message": "MSH|^~\\&|SIS|Long Island Jewish Medical Center|null|null|20131211192903||SIU^S12|5239|T|2.4||||||SCHEDULED\rSCH|2584016|2584016|||||^ARTHRT ELBOW W/JNT EXPL W/WOBX W/WORMVL LOOSE/FB - Location:   Right Qty: ; LaPlaza, Francisco J||90|Min|1^^90^20131212083000^20131212100000|8715^LaPlaza^Francisco||||||||15812^Zuba^Carolyn^||||||\rPID|1||LJ-2139577||HENRIQUEZ^GIANCARLOS^||20061015000000|Male|||^^^^^|||||||LJ-71099626\rPV1|1|O|1008^ OR 08||||8715^LaPlaza^Francisco|8715^LaPlaza^Francisco|||||||||||2584016\rRGS|1|A|2584016\rAIS|1|A|24101^ARTHRT ELBOW W/JNT EXPL W/WOBX W/WORMVL LOOSE/FB^CPT4|20131212083000|||90|Min\rNTE|1||\rAIL|2|A|^1008^ OR 08^^GYN/Plastic|OR||20131212083000|||90|Min\rAIP|2|A|8715^LaPlaza^Francisco|Doctor||20131212083000|||90|Min\r",
         "Name": ""
      },
      {
         "Message": "MSH|^~\\&|SIS|Long Island Jewish Medical Center|null|null|20131211190114||SIU^S12|4877|T|2.4||||||SCHEDULED\rSCH|2597828|2597828|||||^LAPS TOTAL HYSTERECT 250 GM/< W/RMVL TUBE/OVARY Qty:  * LAPS BI TOT PEL LMPHADEC&PRI-AORTIC LYMPH BX 1 Qty:  * ROBOTIC ASSISTED PROCEDURE (UNSPECIFIED) Qty: ; Sakaris, Antoinette||300|Min|1^^300^20131212130000^20131212180000|12216^Sakaris^Antoinette||||||||11045^Gilliland^Laura^||||||\rPID|1||LJ-2567085||RASMUSSEN^LAUREL^A||19441015000000|Female|||^^^^^|||||||LJ-42589877\rPV1|1|O|1022^ OR 22||||12216^Sakaris^Antoinette|12216^Sakaris^Antoinette|||||||||||2597828\rRGS|1|A|2597828\rAIS|1|A|58571^LAPS TOTAL HYSTERECT 250 GM/< W/RMVL TUBE/OVARY^CPT4|20131212130000|||300|Min\rNTE|1||\rAIS|2|A|38572^LAPS BI TOT PEL LMPHADEC and PRI-AORTIC LYMPH BX 1^CPT4|20131212130000|||300|Min\rNTE|2||\rAIS|3|A|17.49^ROBOTIC ASSISTED PROCEDURE (UNSPECIFIED)^CPT4|20131212130000|||300|Min\rNTE|3||\rAIL|4|A|^1022^ OR 22^^Orthopedics|OR||20131212130000|||300|Min\rAIP|4|A|12216^Sakaris^Antoinette|Doctor||20131212130000|||300|Min\r",
         "Name": ""
      },
      {
         "Message": "MSH|^~\\&|SIS|Long Island Jewish Medical Center|null|null|20131212114016||SIU^S13|11062|T|2.4||||||SCHEDULED\rSCH|2598998|2598998||||SCHEDULED^Reschedule|||90|Min|1^^90^20131213120000^20131213133000|35792^Cheng^Jeffrey||||||||15880^Bouchereau^Guylourdes^||||||\rPID|1||||INTZIRLIS^MICHAEL^||20110507000000|Male|||^^^^^|||||||\rPV1|1|O|1011^ OR 11||||35792^Cheng^Jeffrey|35792^Cheng^Jeffrey|||||||||||2598998\rRGS|1|U|2598998\rAIS|1|U|42830^ADENOIDECTOMY PRIMARY <AGE 12^CPT4|20131213120000|||90|Min\rNTE|1||\rAIS|2|U|69436^TYMPANOSTOMY GENERAL ANESTHESIA^CPT4|20131213120000|||90|Min\rNTE|2||\rAIL|3|U|^1011^ OR 11^^OPH/Neuro/Vascular|OR||20131213120000|||90|Min\rAIP|3|U|35792^Cheng^Jeffrey|Doctor||20131213120000|||90|Min\r",
         "Name": ""
      },
      {
         "Message": "MSH|^~\\&|SIS|Long Island Jewish Medical Center|null|null|20131211112806||SIU^S12|1542|T|2.4||||||SCHEDULED\rSCH|2604588|2604588|||||^LAPAROSCOPIC APPENDECTOMY Qty: ; Hong, David E||30|Min|1^^30^20131210080000^20131210083000|14217^Hong^David||||||||5748^Nolan^Jennifer^E||||||\rPID|1||LJ-2553225||SMITH^BRIANA^||19991207000000|Female|||^^^^^|||||||LJ-46204138\rPV1|1|O|27271^zADD-ON Peds||||14217^Hong^David|14217^Hong^David|||||||||||2604588\rRGS|1|A|2604588\rAIS|1|A|44970^LAPAROSCOPIC APPENDECTOMY^CPT4|20131210080000|||30|Min\rNTE|1||\rAIL|2|A|^27271^zADD-ON Peds^^|OR||20131210080000|||30|Min\rAIP|2|A|14217^Hong^David|Doctor||20131210080000|||30|Min\r",
         "Name": ""
      },
      {
         "Message": "MSH|^~\\&|SIS|Long Island Jewish Medical Center|null|null|20131211112811||SIU^S12|1543|T|2.4||||||SCHEDULED\rSCH|2604588|2604588|||||^LAPAROSCOPIC APPENDECTOMY Qty: ; Hong, David E||30|Min|1^^30^20131210080000^20131210083000|14217^Hong^David||||||||5748^Nolan^Jennifer^E||||||\rPID|1||LJ-2553225||SMITH^BRIANA^||19991207000000|Female|||^^^^^|||||||LJ-46204138\rPV1|1|O|27271^zADD-ON Peds||||14217^Hong^David|14217^Hong^David|||||||||||2604588\rRGS|1|A|2604588\rAIS|1|A|44970^LAPAROSCOPIC APPENDECTOMY^CPT4|20131210080000|||30|Min\rNTE|1||\rAIL|2|A|^27271^zADD-ON Peds^^|OR||20131210080000|||30|Min\rAIP|2|A|14217^Hong^David|Doctor||20131210080000|||30|Min\r",
         "Name": ""
      },
      {
         "Message": "MSH|^~\\&|SIS|Long Island Jewish Medical Center|null|null|20131211112824||SIU^S12|1545|T|2.4||||||SCHEDULED\rSCH|2605118|2605118|||||^LAPAROSCOPIC APPENDECTOMY Qty: ; Glick, Richard||30|Min|1^^30^20131210083000^20131210090000|6029^Glick^Richard||||||||5748^Nolan^Jennifer^E||||||\rPID|1||LJ-2576331||HERNANDEZ^VICTOR^E||20050920000000|Male|||^^^^^|||||||LJ-46204229\rPV1|1|O|27271^zADD-ON Peds||||6029^Glick^Richard|6029^Glick^Richard|||||||||||2605118\rRGS|1|A|2605118\rAIS|1|A|44970^LAPAROSCOPIC APPENDECTOMY^CPT4|20131210083000|||30|Min\rNTE|1||\rAIL|2|A|^27271^zADD-ON Peds^^|OR||20131210083000|||30|Min\rAIP|2|A|6029^Glick^Richard|Doctor||20131210083000|||30|Min\r",
         "Name": ""
      },
      {
         "Message": "MSH|^~\\&|SIS|Long Island Jewish Medical Center|null|null|20131211112830||SIU^S12|1546|T|2.4||||||SCHEDULED\rSCH|2605118|2605118|||||^LAPAROSCOPIC APPENDECTOMY Qty: ; Glick, Richard||30|Min|1^^30^20131210083000^20131210090000|6029^Glick^Richard||||||||5748^Nolan^Jennifer^E||||||\rPID|1||LJ-2576331||HERNANDEZ^VICTOR^E||20050920000000|Male|||^^^^^|||||||LJ-46204229\rPV1|1|O|27271^zADD-ON Peds||||6029^Glick^Richard|6029^Glick^Richard|||||||||||2605118\rRGS|1|A|2605118\rAIS|1|A|44970^LAPAROSCOPIC APPENDECTOMY^CPT4|20131210083000|||30|Min\rNTE|1||\rAIL|2|A|^27271^zADD-ON Peds^^|OR||20131210083000|||30|Min\rAIP|2|A|6029^Glick^Richard|Doctor||20131210083000|||30|Min\r",
         "Name": ""
      },
      {
         "Message": "MSH|^~\\&|SIS|Long Island Jewish Medical Center|null|null|20131211113028||SIU^S12|1567|T|2.4||||||SCHEDULED\rSCH|2604844|2604844|||||^LARYNGOSCOPY INDIRECT W/REMOVAL FOREIGN BODY Qty: ; Smith, Lee P||30|Min|1^^30^20131210090000^20131210093000|13319^Smith^Lee||||||||5748^Nolan^Jennifer^E||||||\rPID|1||LJ-2568907||MATTHEW^FEMALE B^||20131107000000|Female|||^^^^^|||||||LJ-46202526\rPV1|1|O|27271^zADD-ON Peds||||13319^Smith^Lee|13319^Smith^Lee|||||||||||2604844\rRGS|1|A|2604844\rAIS|1|A|31511^LARYNGOSCOPY INDIRECT W/REMOVAL FOREIGN BODY^CPT4|20131210090000|||30|Min\rNTE|1||\rAIL|2|A|^27271^zADD-ON Peds^^|OR||20131210090000|||30|Min\rAIP|2|A|13319^Smith^Lee|Doctor||20131210090000|||30|Min\r",
         "Name": ""
      },
      {
         "Message": "MSH|^~\\&|SIS|Long Island Jewish Medical Center|null|null|20131211113034||SIU^S12|1568|T|2.4||||||SCHEDULED\rSCH|2604844|2604844|||||^LARYNGOSCOPY INDIRECT W/REMOVAL FOREIGN BODY Qty: ; Smith, Lee P||30|Min|1^^30^20131210090000^20131210093000|13319^Smith^Lee||||||||5748^Nolan^Jennifer^E||||||\rPID|1||LJ-2568907||MATTHEW^FEMALE B^||20131107000000|Female|||^^^^^|||||||LJ-46202526\rPV1|1|O|27271^zADD-ON Peds||||13319^Smith^Lee|13319^Smith^Lee|||||||||||2604844\rRGS|1|A|2604844\rAIS|1|A|31511^LARYNGOSCOPY INDIRECT W/REMOVAL FOREIGN BODY^CPT4|20131210090000|||30|Min\rNTE|1||\rAIL|2|A|^27271^zADD-ON Peds^^|OR||20131210090000|||30|Min\rAIP|2|A|13319^Smith^Lee|Doctor||20131210090000|||30|Min\r",
         "Name": ""
      },
      {
         "Message": "MSH|^~\\&|SIS|Long Island Jewish Medical Center|null|null|20131211165032||SIU^S12|3166|T|2.4||||||SCHEDULED\rSCH|2604588|2604588|||||^LAPAROSCOPIC APPENDECTOMY Qty: ; Hong, David E||30|Min|1^^30^20131210080000^20131210083000|14217^Hong^David||||||||5748^Nolan^Jennifer^E||||||\rPID|1||LJ-2553225||SMITH^BRIANA^||19991207000000|Female|||^^^^^|||||||LJ-46204138\rPV1|1|O|27271^zADD-ON Peds||||14217^Hong^David|14217^Hong^David|||||||||||2604588\rRGS|1|A|2604588\rAIS|1|A|44970^LAPAROSCOPIC APPENDECTOMY^CPT4|20131210080000|||30|Min\rNTE|1||\rAIL|2|A|^27271^zADD-ON Peds^^|OR||20131210080000|||30|Min\rAIP|2|A|14217^Hong^David|Doctor||20131210080000|||30|Min\r",
         "Name": ""
      },
      {
         "Message": "MSH|^~\\&|SIS|Long Island Jewish Medical Center|null|null|20131211165041||SIU^S12|3168|T|2.4||||||SCHEDULED\rSCH|2604588|2604588|||||^LAPAROSCOPIC APPENDECTOMY Qty: ; Hong, David E||30|Min|1^^30^20131210080000^20131210083000|14217^Hong^David||||||||5748^Nolan^Jennifer^E||||||\rPID|1||LJ-2553225||SMITH^BRIANA^||19991207000000|Female|||^^^^^|||||||LJ-46204138\rPV1|1|O|27271^zADD-ON Peds||||14217^Hong^David|14217^Hong^David|||||||||||2604588\rRGS|1|A|2604588\rAIS|1|A|44970^LAPAROSCOPIC APPENDECTOMY^CPT4|20131210080000|||30|Min\rNTE|1||\rAIL|2|A|^27271^zADD-ON Peds^^|OR||20131210080000|||30|Min\rAIP|2|A|14217^Hong^David|Doctor||20131210080000|||30|Min\r",
         "Name": ""
      },
      {
         "Message": "MSH|^~\\&|SIS|Long Island Jewish Medical Center|null|null|20131211165100||SIU^S12|3172|T|2.4||||||SCHEDULED\rSCH|2605118|2605118|||||^LAPAROSCOPIC APPENDECTOMY Qty: ; Glick, Richard||30|Min|1^^30^20131210083000^20131210090000|6029^Glick^Richard||||||||5748^Nolan^Jennifer^E||||||\rPID|1||LJ-2576331||HERNANDEZ^VICTOR^E||20050920000000|Male|||^^^^^|||||||LJ-46204229\rPV1|1|O|27271^zADD-ON Peds||||6029^Glick^Richard|6029^Glick^Richard|||||||||||2605118\rRGS|1|A|2605118\rAIS|1|A|44970^LAPAROSCOPIC APPENDECTOMY^CPT4|20131210083000|||30|Min\rNTE|1||\rAIL|2|A|^27271^zADD-ON Peds^^|OR||20131210083000|||30|Min\rAIP|2|A|6029^Glick^Richard|Doctor||20131210083000|||30|Min\r",
         "Name": ""
      },
      {
         "Message": "MSH|^~\\&|SIS|Long Island Jewish Medical Center|null|null|20131211165109||SIU^S12|3174|T|2.4||||||SCHEDULED\rSCH|2605118|2605118|||||^LAPAROSCOPIC APPENDECTOMY Qty: ; Glick, Richard||30|Min|1^^30^20131210083000^20131210090000|6029^Glick^Richard||||||||5748^Nolan^Jennifer^E||||||\rPID|1||LJ-2576331||HERNANDEZ^VICTOR^E||20050920000000|Male|||^^^^^|||||||LJ-46204229\rPV1|1|O|27271^zADD-ON Peds||||6029^Glick^Richard|6029^Glick^Richard|||||||||||2605118\rRGS|1|A|2605118\rAIS|1|A|44970^LAPAROSCOPIC APPENDECTOMY^CPT4|20131210083000|||30|Min\rNTE|1||\rAIL|2|A|^27271^zADD-ON Peds^^|OR||20131210083000|||30|Min\rAIP|2|A|6029^Glick^Richard|Doctor||20131210083000|||30|Min\r",
         "Name": ""
      },
      {
         "Message": "MSH|^~\\&|SIS|Long Island Jewish Medical Center|null|null|20131211165139||SIU^S12|3180|T|2.4||||||SCHEDULED\rSCH|2604844|2604844|||||^LARYNGOSCOPY INDIRECT W/REMOVAL FOREIGN BODY Qty: ; Smith, Lee P||30|Min|1^^30^20131210090000^20131210093000|13319^Smith^Lee||||||||5748^Nolan^Jennifer^E||||||\rPID|1||LJ-2568907||MATTHEW^FEMALE B^||20131107000000|Female|||^^^^^|||||||LJ-46202526\rPV1|1|O|27271^zADD-ON Peds||||13319^Smith^Lee|13319^Smith^Lee|||||||||||2604844\rRGS|1|A|2604844\rAIS|1|A|31511^LARYNGOSCOPY INDIRECT W/REMOVAL FOREIGN BODY^CPT4|20131210090000|||30|Min\rNTE|1||\rAIL|2|A|^27271^zADD-ON Peds^^|OR||20131210090000|||30|Min\rAIP|2|A|13319^Smith^Lee|Doctor||20131210090000|||30|Min\r",
         "Name": ""
      },
      {
         "Message": "MSH|^~\\&|SIS|Long Island Jewish Medical Center|null|null|20131211165150||SIU^S12|3182|T|2.4||||||SCHEDULED\rSCH|2604844|2604844|||||^LARYNGOSCOPY INDIRECT W/REMOVAL FOREIGN BODY Qty: ; Smith, Lee P||30|Min|1^^30^20131210090000^20131210093000|13319^Smith^Lee||||||||5748^Nolan^Jennifer^E||||||\rPID|1||LJ-2568907||MATTHEW^FEMALE B^||20131107000000|Female|||^^^^^|||||||LJ-46202526\rPV1|1|O|27271^zADD-ON Peds||||13319^Smith^Lee|13319^Smith^Lee|||||||||||2604844\rRGS|1|A|2604844\rAIS|1|A|31511^LARYNGOSCOPY INDIRECT W/REMOVAL FOREIGN BODY^CPT4|20131210090000|||30|Min\rNTE|1||\rAIL|2|A|^27271^zADD-ON Peds^^|OR||20131210090000|||30|Min\rAIP|2|A|13319^Smith^Lee|Doctor||20131210090000|||30|Min\r",
         "Name": ""
      },
      {
         "Message": "MSH|^~\\&|SIS|Long Island Jewish Medical Center|null|null|20131211192020||SIU^S12|5120|T|2.4||||||SCHEDULED\rSCH|2604588|2604588|||||^LAPAROSCOPIC APPENDECTOMY Qty: ; Hong, David E||30|Min|1^^30^20131210080000^20131210083000|14217^Hong^David||||||||5748^Nolan^Jennifer^E||||||\rPID|1||LJ-2553225||SMITH^BRIANA^||19991207000000|Female|||^^^^^|||||||LJ-46204138\rPV1|1|O|27271^zADD-ON Peds||||14217^Hong^David|14217^Hong^David|||||||||||2604588\rRGS|1|A|2604588\rAIS|1|A|44970^LAPAROSCOPIC APPENDECTOMY^CPT4|20131210080000|||30|Min\rNTE|1||\rAIL|2|A|^27271^zADD-ON Peds^^|OR||20131210080000|||30|Min\rAIP|2|A|14217^Hong^David|Doctor||20131210080000|||30|Min\r",
         "Name": ""
      },
      {
         "Message": "MSH|^~\\&|SIS|Long Island Jewish Medical Center|null|null|20131211192031||SIU^S12|5122|T|2.4||||||SCHEDULED\rSCH|2604588|2604588|||||^LAPAROSCOPIC APPENDECTOMY Qty: ; Hong, David E||30|Min|1^^30^20131210080000^20131210083000|14217^Hong^David||||||||5748^Nolan^Jennifer^E||||||\rPID|1||LJ-2553225||SMITH^BRIANA^||19991207000000|Female|||^^^^^|||||||LJ-46204138\rPV1|1|O|27271^zADD-ON Peds||||14217^Hong^David|14217^Hong^David|||||||||||2604588\rRGS|1|A|2604588\rAIS|1|A|44970^LAPAROSCOPIC APPENDECTOMY^CPT4|20131210080000|||30|Min\rNTE|1||\rAIL|2|A|^27271^zADD-ON Peds^^|OR||20131210080000|||30|Min\rAIP|2|A|14217^Hong^David|Doctor||20131210080000|||30|Min\r",
         "Name": ""
      },
      {
         "Message": "MSH|^~\\&|SIS|Long Island Jewish Medical Center|null|null|20131211192054||SIU^S12|5126|T|2.4||||||SCHEDULED\rSCH|2605118|2605118|||||^LAPAROSCOPIC APPENDECTOMY Qty: ; Glick, Richard||30|Min|1^^30^20131210083000^20131210090000|6029^Glick^Richard||||||||5748^Nolan^Jennifer^E||||||\rPID|1||LJ-2576331||HERNANDEZ^VICTOR^E||20050920000000|Male|||^^^^^|||||||LJ-46204229\rPV1|1|O|27271^zADD-ON Peds||||6029^Glick^Richard|6029^Glick^Richard|||||||||||2605118\rRGS|1|A|2605118\rAIS|1|A|44970^LAPAROSCOPIC APPENDECTOMY^CPT4|20131210083000|||30|Min\rNTE|1||\rAIL|2|A|^27271^zADD-ON Peds^^|OR||20131210083000|||30|Min\rAIP|2|A|6029^Glick^Richard|Doctor||20131210083000|||30|Min\r",
         "Name": ""
      },
      {
         "Message": "MSH|^~\\&|SIS|Long Island Jewish Medical Center|null|null|20131211192105||SIU^S12|5128|T|2.4||||||SCHEDULED\rSCH|2605118|2605118|||||^LAPAROSCOPIC APPENDECTOMY Qty: ; Glick, Richard||30|Min|1^^30^20131210083000^20131210090000|6029^Glick^Richard||||||||5748^Nolan^Jennifer^E||||||\rPID|1||LJ-2576331||HERNANDEZ^VICTOR^E||20050920000000|Male|||^^^^^|||||||LJ-46204229\rPV1|1|O|27271^zADD-ON Peds||||6029^Glick^Richard|6029^Glick^Richard|||||||||||2605118\rRGS|1|A|2605118\rAIS|1|A|44970^LAPAROSCOPIC APPENDECTOMY^CPT4|20131210083000|||30|Min\rNTE|1||\rAIL|2|A|^27271^zADD-ON Peds^^|OR||20131210083000|||30|Min\rAIP|2|A|6029^Glick^Richard|Doctor||20131210083000|||30|Min\r",
         "Name": ""
      },
      {
         "Message": "MSH|^~\\&|SIS|Long Island Jewish Medical Center|null|null|20131211192204||SIU^S12|5140|T|2.4||||||SCHEDULED\rSCH|2604844|2604844|||||^LARYNGOSCOPY INDIRECT W/REMOVAL FOREIGN BODY Qty: ; Smith, Lee P||30|Min|1^^30^20131210090000^20131210093000|13319^Smith^Lee||||||||5748^Nolan^Jennifer^E||||||\rPID|1||LJ-2568907||MATTHEW^FEMALE B^||20131107000000|Female|||^^^^^|||||||LJ-46202526\rPV1|1|O|27271^zADD-ON Peds||||13319^Smith^Lee|13319^Smith^Lee|||||||||||2604844\rRGS|1|A|2604844\rAIS|1|A|31511^LARYNGOSCOPY INDIRECT W/REMOVAL FOREIGN BODY^CPT4|20131210090000|||30|Min\rNTE|1||\rAIL|2|A|^27271^zADD-ON Peds^^|OR||20131210090000|||30|Min\rAIP|2|A|13319^Smith^Lee|Doctor||20131210090000|||30|Min\r",
         "Name": ""
      },
      {
         "Message": "MSH|^~\\&|SIS|Long Island Jewish Medical Center|null|null|20131211192212||SIU^S12|5142|T|2.4||||||SCHEDULED\rSCH|2604844|2604844|||||^LARYNGOSCOPY INDIRECT W/REMOVAL FOREIGN BODY Qty: ; Smith, Lee P||30|Min|1^^30^20131210090000^20131210093000|13319^Smith^Lee||||||||5748^Nolan^Jennifer^E||||||\rPID|1||LJ-2568907||MATTHEW^FEMALE B^||20131107000000|Female|||^^^^^|||||||LJ-46202526\rPV1|1|O|27271^zADD-ON Peds||||13319^Smith^Lee|13319^Smith^Lee|||||||||||2604844\rRGS|1|A|2604844\rAIS|1|A|31511^LARYNGOSCOPY INDIRECT W/REMOVAL FOREIGN BODY^CPT4|20131210090000|||30|Min\rNTE|1||\rAIL|2|A|^27271^zADD-ON Peds^^|OR||20131210090000|||30|Min\rAIP|2|A|13319^Smith^Lee|Doctor||20131210090000|||30|Min\r",
         "Name": ""
      },
      {
         "Message": "MSH|^~\\&|SIS|Long Island Jewish Medical Center|null|null|20131212090112||SIU^S12|8196|T|2.4||||||SCHEDULED\rSCH|2605439|2605439|||||^INSERTION TUNNEL INTRAPERITONEAL CATH DIAL OPEN Qty: ; Hong, Andrew R||30|Min|1^^30^20131211080000^20131211083000|2235^Hong^Andrew||||||||5748^Nolan^Jennifer^E||||||\rPID|1||LJ-2554408||JIANG^JAMES^||20121010000000|Male|||^^^^^|||||||46204199\rPV1|1|O|27271^zADD-ON Peds||||2235^Hong^Andrew|2235^Hong^Andrew|||||||||||2605439\rRGS|1|A|2605439\rAIS|1|A|49421^INSERTION TUNNEL INTRAPERITONEAL CATH DIAL OPEN^CPT4|20131211080000|||30|Min\rNTE|1||\rAIL|2|A|^27271^zADD-ON Peds^^|OR||20131211080000|||30|Min\rAIP|2|A|2235^Hong^Andrew|Doctor||20131211080000|||30|Min\r",
         "Name": ""
      },
      {
         "Message": "MSH|^~\\&|SIS|Long Island Jewish Medical Center|null|null|20131212090112||SIU^S12|8197|T|2.4||||||SCHEDULED\rSCH|2605439|2605439|||||^INSERTION TUNNEL INTRAPERITONEAL CATH DIAL OPEN Qty: ; Hong, Andrew R||30|Min|1^^30^20131211080000^20131211083000|2235^Hong^Andrew||||||||5748^Nolan^Jennifer^E||||||\rPID|1||LJ-2554408||JIANG^JAMES^||20121010000000|Male|||^^^^^|||||||46204199\rPV1|1|O|27271^zADD-ON Peds||||2235^Hong^Andrew|2235^Hong^Andrew|||||||||||2605439\rRGS|1|A|2605439\rAIS|1|A|49421^INSERTION TUNNEL INTRAPERITONEAL CATH DIAL OPEN^CPT4|20131211080000|||30|Min\rNTE|1||\rAIL|2|A|^27271^zADD-ON Peds^^|OR||20131211080000|||30|Min\rAIP|2|A|2235^Hong^Andrew|Doctor||20131211080000|||30|Min\r",
         "Name": ""
      },
      {
         "Message": "MSH|^~\\&|SIS|Long Island Jewish Medical Center|null|null|20131212090218||SIU^S12|8210|T|2.4||||||SCHEDULED\rSCH|2605769|2605769|||||^LAPS SURG ESOPG/GSTR FUNDOPLASTY Qty: ; Hong, Andrew R||30|Min|1^^30^20131211083000^20131211090000|2235^Hong^Andrew||||||||5748^Nolan^Jennifer^E||||||\rPID|1||2444454||JURADO^EMILY^||20110731000000|Female|||^^^^^|||||||46204189\rPV1|1|O|27271^zADD-ON Peds||||2235^Hong^Andrew|2235^Hong^Andrew|||||||||||2605769\rRGS|1|A|2605769\rAIS|1|A|43280^LAPS SURG ESOPG/GSTR FUNDOPLASTY^CPT4|20131211083000|||30|Min\rNTE|1||\rAIL|2|A|^27271^zADD-ON Peds^^|OR||20131211083000|||30|Min\rAIP|2|A|2235^Hong^Andrew|Doctor||20131211083000|||30|Min\r",
         "Name": ""
      },
      {
         "Message": "MSH|^~\\&|SIS|Long Island Jewish Medical Center|null|null|20131212090218||SIU^S12|8211|T|2.4||||||SCHEDULED\rSCH|2605769|2605769|||||^LAPS SURG ESOPG/GSTR FUNDOPLASTY Qty: ; Hong, Andrew R||30|Min|1^^30^20131211083000^20131211090000|2235^Hong^Andrew||||||||5748^Nolan^Jennifer^E||||||\rPID|1||2444454||JURADO^EMILY^||20110731000000|Female|||^^^^^|||||||46204189\rPV1|1|O|27271^zADD-ON Peds||||2235^Hong^Andrew|2235^Hong^Andrew|||||||||||2605769\rRGS|1|A|2605769\rAIS|1|A|43280^LAPS SURG ESOPG/GSTR FUNDOPLASTY^CPT4|20131211083000|||30|Min\rNTE|1||\rAIL|2|A|^27271^zADD-ON Peds^^|OR||20131211083000|||30|Min\rAIP|2|A|2235^Hong^Andrew|Doctor||20131211083000|||30|Min\r",
         "Name": ""
      },
      {
         "Message": "MSH|^~\\&|SIS|Long Island Jewish Medical Center|null|null|20131212090314||SIU^S12|8218|T|2.4||||||SCHEDULED\rSCH|2605317|2605317|||||^LAPAROSCOPIC APPENDECTOMY Qty: ; Hong, Andrew R||30|Min|1^^30^20131211090000^20131211093000|2235^Hong^Andrew||||||||5748^Nolan^Jennifer^E||||||\rPID|1||2576377||LASHIN^STEFANI^||20010523000000|Female|||^^^^^|||||||46204239\rPV1|1|O|27271^zADD-ON Peds||||2235^Hong^Andrew|2235^Hong^Andrew|||||||||||2605317\rRGS|1|A|2605317\rAIS|1|A|44970^LAPAROSCOPIC APPENDECTOMY^CPT4|20131211090000|||30|Min\rNTE|1||\rAIL|2|A|^27271^zADD-ON Peds^^|OR||20131211090000|||30|Min\rAIP|2|A|2235^Hong^Andrew|Doctor||20131211090000|||30|Min\r",
         "Name": ""
      },
      {
         "Message": "MSH|^~\\&|SIS|Long Island Jewish Medical Center|null|null|20131212090314||SIU^S12|8219|T|2.4||||||SCHEDULED\rSCH|2605317|2605317|||||^LAPAROSCOPIC APPENDECTOMY Qty: ; Hong, Andrew R||30|Min|1^^30^20131211090000^20131211093000|2235^Hong^Andrew||||||||5748^Nolan^Jennifer^E||||||\rPID|1||2576377||LASHIN^STEFANI^||20010523000000|Female|||^^^^^|||||||46204239\rPV1|1|O|27271^zADD-ON Peds||||2235^Hong^Andrew|2235^Hong^Andrew|||||||||||2605317\rRGS|1|A|2605317\rAIS|1|A|44970^LAPAROSCOPIC APPENDECTOMY^CPT4|20131211090000|||30|Min\rNTE|1||\rAIL|2|A|^27271^zADD-ON Peds^^|OR||20131211090000|||30|Min\rAIP|2|A|2235^Hong^Andrew|Doctor||20131211090000|||30|Min\r",
         "Name": ""
      },
      {
         "Message": "MSH|^~\\&|SIS|Long Island Jewish Medical Center|null|null|20131212090410||SIU^S12|8231|T|2.4||||||SCHEDULED\rSCH|2605226|2605226|||||^LAPAROSCOPIC APPENDECTOMY Qty: ; Hong, Andrew R||30|Min|1^^30^20131211093000^20131211100000|2235^Hong^Andrew||||||||5748^Nolan^Jennifer^E||||||\rPID|1||1752946||ONUZURUIKE^KINGSLEY^||20000526000000|Male|||^^^^^|||||||46204248\rPV1|1|O|27271^zADD-ON Peds||||2235^Hong^Andrew|2235^Hong^Andrew|||||||||||2605226\rRGS|1|A|2605226\rAIS|1|A|44970^LAPAROSCOPIC APPENDECTOMY^CPT4|20131211093000|||30|Min\rNTE|1||\rAIL|2|A|^27271^zADD-ON Peds^^|OR||20131211093000|||30|Min\rAIP|2|A|2235^Hong^Andrew|Doctor||20131211093000|||30|Min\r",
         "Name": ""
      },
      {
         "Message": "MSH|^~\\&|SIS|Long Island Jewish Medical Center|null|null|20131212090410||SIU^S12|8232|T|2.4||||||SCHEDULED\rSCH|2605226|2605226|||||^LAPAROSCOPIC APPENDECTOMY Qty: ; Hong, Andrew R||30|Min|1^^30^20131211093000^20131211100000|2235^Hong^Andrew||||||||5748^Nolan^Jennifer^E||||||\rPID|1||1752946||ONUZURUIKE^KINGSLEY^||20000526000000|Male|||^^^^^|||||||46204248\rPV1|1|O|27271^zADD-ON Peds||||2235^Hong^Andrew|2235^Hong^Andrew|||||||||||2605226\rRGS|1|A|2605226\rAIS|1|A|44970^LAPAROSCOPIC APPENDECTOMY^CPT4|20131211093000|||30|Min\rNTE|1||\rAIL|2|A|^27271^zADD-ON Peds^^|OR||20131211093000|||30|Min\rAIP|2|A|2235^Hong^Andrew|Doctor||20131211093000|||30|Min\r",
         "Name": ""
      },
      {
         "Message": "MSH|^~\\&|SIS|Long Island Jewish Medical Center|null|null|20131212093252||SIU^S12|8436|T|2.4||||||SCHEDULED\rSCH|2605460|2605460|||||^PYLOROMYOTOMY CUTTING PYLORIC MUSC Qty: ; Prince, Jose M||30|Min|1^^30^20131211100000^20131211103000|14440^Prince^Jose||||||||5748^Nolan^Jennifer^E||||||\rPID|1||2576300||SCHRADE^JOHN^||20131123000000|Male|||^^^^^|||||||46204236\rPV1|1|O|27271^zADD-ON Peds||||14440^Prince^Jose|14440^Prince^Jose|||||||||||2605460\rRGS|1|A|2605460\rAIS|1|A|43520^PYLOROMYOTOMY CUTTING PYLORIC MUSC^CPT4|20131211100000|||30|Min\rNTE|1||\rAIL|2|A|^27271^zADD-ON Peds^^|OR||20131211100000|||30|Min\rAIP|2|A|14440^Prince^Jose|Doctor||20131211100000|||30|Min\r",
         "Name": ""
      },
      {
         "Message": "MSH|^~\\&|SIS|Long Island Jewish Medical Center|null|null|20131212093252||SIU^S12|8437|T|2.4||||||SCHEDULED\rSCH|2605460|2605460|||||^PYLOROMYOTOMY CUTTING PYLORIC MUSC Qty: ; Prince, Jose M||30|Min|1^^30^20131211100000^20131211103000|14440^Prince^Jose||||||||5748^Nolan^Jennifer^E||||||\rPID|1||2576300||SCHRADE^JOHN^||20131123000000|Male|||^^^^^|||||||46204236\rPV1|1|O|27271^zADD-ON Peds||||14440^Prince^Jose|14440^Prince^Jose|||||||||||2605460\rRGS|1|A|2605460\rAIS|1|A|43520^PYLOROMYOTOMY CUTTING PYLORIC MUSC^CPT4|20131211100000|||30|Min\rNTE|1||\rAIL|2|A|^27271^zADD-ON Peds^^|OR||20131211100000|||30|Min\rAIP|2|A|14440^Prince^Jose|Doctor||20131211100000|||30|Min\r",
         "Name": ""
      },
      {
         "Message": "MSH|^~\\&|SIS|Long Island Jewish Medical Center|null|null|20131213095343||SIU^S12|13363|T|2.4||||||SCHEDULED\rSCH|2605996|2605996|||||^EXC B9 LES MRGN XCP SK TG T/A/L 0.5 CM/< Qty: ; Hong, Andrew R||30|Min|1^^30^20131212080000^20131212083000|2235^Hong^Andrew||||||||5748^Nolan^Jennifer^E||||||\rPID|1||1969591||CRUZ^ALBERTO^||20011125000000|Male|||^^^^^|||||||71100523\rPV1|1|O|27271^zADD-ON Peds||||2235^Hong^Andrew|2235^Hong^Andrew|||||||||||2605996\rRGS|1|A|2605996\rAIS|1|A|11400^EXC B9 LES MRGN XCP SK TG T/A/L 0.5 CM/<^CPT4|20131212080000|||30|Min\rNTE|1||\rAIL|2|A|^27271^zADD-ON Peds^^|OR||20131212080000|||30|Min\rAIP|2|A|2235^Hong^Andrew|Doctor||20131212080000|||30|Min\r",
         "Name": ""
      },
      {
         "Message": "MSH|^~\\&|SIS|Long Island Jewish Medical Center|null|null|20131213095344||SIU^S12|13364|T|2.4||||||SCHEDULED\rSCH|2605996|2605996|||||^EXC B9 LES MRGN XCP SK TG T/A/L 0.5 CM/< Qty: ; Hong, Andrew R||30|Min|1^^30^20131212080000^20131212083000|2235^Hong^Andrew||||||||5748^Nolan^Jennifer^E||||||\rPID|1||1969591||CRUZ^ALBERTO^||20011125000000|Male|||^^^^^|||||||71100523\rPV1|1|O|27271^zADD-ON Peds||||2235^Hong^Andrew|2235^Hong^Andrew|||||||||||2605996\rRGS|1|A|2605996\rAIS|1|A|11400^EXC B9 LES MRGN XCP SK TG T/A/L 0.5 CM/<^CPT4|20131212080000|||30|Min\rNTE|1||\rAIL|2|A|^27271^zADD-ON Peds^^|OR||20131212080000|||30|Min\rAIP|2|A|2235^Hong^Andrew|Doctor||20131212080000|||30|Min\r",
         "Name": ""
      },
      {
         "Message": "MSH|^~\\&|SIS|Long Island Jewish Medical Center|null|null|20131213095610||SIU^S12|13378|T|2.4||||||SCHEDULED\rSCH|2606525|2606525|||||^I&D DEEP ABSC/HMTMA SOFT TISSUE NECK/THORAX Qty: ; Smith, Lee P||30|Min|1^^30^20131212083000^20131212090000|13319^Smith^Lee||||||||5748^Nolan^Jennifer^E||||||\rPID|1||2576423||LEARNED^ALEXANDRA^||20090426000000|Female|||^^^^^|||||||9999999999\rPV1|1|O|27271^zADD-ON Peds||||13319^Smith^Lee|13319^Smith^Lee|||||||||||2606525\rRGS|1|A|2606525\rAIS|1|A|21501^I and D DEEP ABSC/HMTMA SOFT TISSUE NECK/THORAX^CPT4|20131212083000|||30|Min\rNTE|1||\rAIL|2|A|^27271^zADD-ON Peds^^|OR||20131212083000|||30|Min\rAIP|2|A|13319^Smith^Lee|Doctor||20131212083000|||30|Min\r",
         "Name": ""
      },
      {
         "Message": "MSH|^~\\&|SIS|Long Island Jewish Medical Center|null|null|20131213095610||SIU^S12|13379|T|2.4||||||SCHEDULED\rSCH|2606525|2606525|||||^I&D DEEP ABSC/HMTMA SOFT TISSUE NECK/THORAX Qty: ; Smith, Lee P||30|Min|1^^30^20131212083000^20131212090000|13319^Smith^Lee||||||||5748^Nolan^Jennifer^E||||||\rPID|1||2576423||LEARNED^ALEXANDRA^||20090426000000|Female|||^^^^^|||||||9999999999\rPV1|1|O|27271^zADD-ON Peds||||13319^Smith^Lee|13319^Smith^Lee|||||||||||2606525\rRGS|1|A|2606525\rAIS|1|A|21501^I and D DEEP ABSC/HMTMA SOFT TISSUE NECK/THORAX^CPT4|20131212083000|||30|Min\rNTE|1||\rAIL|2|A|^27271^zADD-ON Peds^^|OR||20131212083000|||30|Min\rAIP|2|A|13319^Smith^Lee|Doctor||20131212083000|||30|Min\r",
         "Name": ""
      },
      {
         "Message": "MSH|^~\\&|SIS|Long Island Jewish Medical Center|null|null|20131213095722||SIU^S12|13405|T|2.4||||||SCHEDULED\rSCH|2605905|2605905|||||^LAPAROSCOPIC APPENDECTOMY Qty: ; Hong, Andrew R||30|Min|1^^30^20131212090000^20131212093000|2235^Hong^Andrew||||||||5748^Nolan^Jennifer^E||||||\rPID|1||1453337||MONTAG^JONATHAN^||19980807000000|Male|||^^^^^|||||||46204295\rPV1|1|O|27271^zADD-ON Peds||||2235^Hong^Andrew|2235^Hong^Andrew|||||||||||2605905\rRGS|1|A|2605905\rAIS|1|A|44970^LAPAROSCOPIC APPENDECTOMY^CPT4|20131212090000|||30|Min\rNTE|1||\rAIL|2|A|^27271^zADD-ON Peds^^|OR||20131212090000|||30|Min\rAIP|2|A|2235^Hong^Andrew|Doctor||20131212090000|||30|Min\r",
         "Name": ""
      },
      {
         "Message": "MSH|^~\\&|SIS|Long Island Jewish Medical Center|null|null|20131213095722||SIU^S12|13406|T|2.4||||||SCHEDULED\rSCH|2605905|2605905|||||^LAPAROSCOPIC APPENDECTOMY Qty: ; Hong, Andrew R||30|Min|1^^30^20131212090000^20131212093000|2235^Hong^Andrew||||||||5748^Nolan^Jennifer^E||||||\rPID|1||1453337||MONTAG^JONATHAN^||19980807000000|Male|||^^^^^|||||||46204295\rPV1|1|O|27271^zADD-ON Peds||||2235^Hong^Andrew|2235^Hong^Andrew|||||||||||2605905\rRGS|1|A|2605905\rAIS|1|A|44970^LAPAROSCOPIC APPENDECTOMY^CPT4|20131212090000|||30|Min\rNTE|1||\rAIL|2|A|^27271^zADD-ON Peds^^|OR||20131212090000|||30|Min\rAIP|2|A|2235^Hong^Andrew|Doctor||20131212090000|||30|Min\r",
         "Name": ""
      },
      {
         "Message": "MSH|^~\\&|SIS|Long Island Jewish Medical Center|null|null|20131215125853||SIU^S12|17868|T|2.4||||||SCHEDULED\rSCH|2606606|2606606|||||^INCISION & DRAINAGE ABSCESS SIMPLE/SINGLE - Location:   Right THIGH Qty: ; Rosen, Nelson G||30|Min|1^^30^20131213093000^20131213100000|8357^Rosen^Nelson||||||||5693^Condon^Laura^||||||\rPID|1||LJ-2576943||WIEDER^EMMANUAL^||20050126000000|Male|||^^^^^|||||||LJ-46204344\rPV1|1|O|27271^zADD-ON Peds||||8357^Rosen^Nelson|8357^Rosen^Nelson|||||||||||2606606\rRGS|1|A|2606606\rAIS|1|A|10060^INCISION  and  DRAINAGE ABSCESS SIMPLE/SINGLE^CPT4|20131213093000|||30|Min\rNTE|1||\rAIL|2|A|^27271^zADD-ON Peds^^|OR||20131213093000|||30|Min\rAIP|2|A|8357^Rosen^Nelson|Doctor||20131213093000|||30|Min\r",
         "Name": ""
      },
      {
         "Message": "MSH|^~\\&|SIS|Long Island Jewish Medical Center|null|null|20131215125853||SIU^S12|17869|T|2.4||||||SCHEDULED\rSCH|2606606|2606606|||||^INCISION & DRAINAGE ABSCESS SIMPLE/SINGLE - Location:   Right THIGH Qty: ; Rosen, Nelson G||30|Min|1^^30^20131213093000^20131213100000|8357^Rosen^Nelson||||||||5693^Condon^Laura^||||||\rPID|1||LJ-2576943||WIEDER^EMMANUAL^||20050126000000|Male|||^^^^^|||||||LJ-46204344\rPV1|1|O|27271^zADD-ON Peds||||8357^Rosen^Nelson|8357^Rosen^Nelson|||||||||||2606606\rRGS|1|A|2606606\rAIS|1|A|10060^INCISION  and  DRAINAGE ABSCESS SIMPLE/SINGLE^CPT4|20131213093000|||30|Min\rNTE|1||\rAIL|2|A|^27271^zADD-ON Peds^^|OR||20131213093000|||30|Min\rAIP|2|A|8357^Rosen^Nelson|Doctor||20131213093000|||30|Min\r",
         "Name": ""
      },
      {
         "Message": "MSH|^~\\&|SIS|Long Island Jewish Medical Center|null|null|20131215130024||SIU^S12|17870|T|2.4||||||SCHEDULED\rSCH|2606899|2606899|||||^INSJ TUNNELED CTR VAD W/SUBQ PORT AGE 5 YR/> Qty: ; Rosen, Nelson G||30|Min|1^^30^20131213100000^20131213103000|8357^Rosen^Nelson||||||||5693^Condon^Laura^||||||\rPID|1||LJ-2411320||URSIN^ADAM^||20051120000000|Male|||^^^^^|||||||LJ-46203453\rPV1|1|O|27271^zADD-ON Peds||||8357^Rosen^Nelson|8357^Rosen^Nelson|||||||||||2606899\rRGS|1|A|2606899\rAIS|1|A|36561^INSJ TUNNELED CTR VAD W/SUBQ PORT AGE 5 YR/>^CPT4|20131213100000|||30|Min\rNTE|1||\rAIL|2|A|^27271^zADD-ON Peds^^|OR||20131213100000|||30|Min\rAIP|2|A|8357^Rosen^Nelson|Doctor||20131213100000|||30|Min\r",
         "Name": ""
      },
      {
         "Message": "MSH|^~\\&|SIS|Long Island Jewish Medical Center|null|null|20131215130024||SIU^S12|17871|T|2.4||||||SCHEDULED\rSCH|2606899|2606899|||||^INSJ TUNNELED CTR VAD W/SUBQ PORT AGE 5 YR/> Qty: ; Rosen, Nelson G||30|Min|1^^30^20131213100000^20131213103000|8357^Rosen^Nelson||||||||5693^Condon^Laura^||||||\rPID|1||LJ-2411320||URSIN^ADAM^||20051120000000|Male|||^^^^^|||||||LJ-46203453\rPV1|1|O|27271^zADD-ON Peds||||8357^Rosen^Nelson|8357^Rosen^Nelson|||||||||||2606899\rRGS|1|A|2606899\rAIS|1|A|36561^INSJ TUNNELED CTR VAD W/SUBQ PORT AGE 5 YR/>^CPT4|20131213100000|||30|Min\rNTE|1||\rAIL|2|A|^27271^zADD-ON Peds^^|OR||20131213100000|||30|Min\rAIP|2|A|8357^Rosen^Nelson|Doctor||20131213100000|||30|Min\r",
         "Name": ""
      },
      {
         "Message": "MSH|^~\\&|SIS|Long Island Jewish Medical Center|null|null|20131215130119||SIU^S12|17872|T|2.4||||||SCHEDULED\rSCH|2607177|2607177|||||^PRQ SKELETAL FIXJ FEMORAL FX DISTAL END - Location:   Right Qty: ; LaPlaza, Francisco J||30|Min|1^^30^20131213103000^20131213110000|8715^LaPlaza^Francisco||||||||5693^Condon^Laura^||||||\rPID|1||LJ-2574814||TAREK^MOHAMMED^||19991125000000|Male|||^^^^^|||||||LJ-46203888\rPV1|1|O|27271^zADD-ON Peds||||8715^LaPlaza^Francisco|8715^LaPlaza^Francisco|||||||||||2607177\rRGS|1|A|2607177\rAIS|1|A|27509^PRQ SKELETAL FIXJ FEMORAL FX DISTAL END^CPT4|20131213103000|||30|Min\rNTE|1||\rAIL|2|A|^27271^zADD-ON Peds^^|OR||20131213103000|||30|Min\rAIP|2|A|8715^LaPlaza^Francisco|Doctor||20131213103000|||30|Min\r",
         "Name": ""
      },
      {
         "Message": "MSH|^~\\&|SIS|Long Island Jewish Medical Center|null|null|20131215130119||SIU^S12|17873|T|2.4||||||SCHEDULED\rSCH|2607177|2607177|||||^PRQ SKELETAL FIXJ FEMORAL FX DISTAL END - Location:   Right Qty: ; LaPlaza, Francisco J||30|Min|1^^30^20131213103000^20131213110000|8715^LaPlaza^Francisco||||||||5693^Condon^Laura^||||||\rPID|1||LJ-2574814||TAREK^MOHAMMED^||19991125000000|Male|||^^^^^|||||||LJ-46203888\rPV1|1|O|27271^zADD-ON Peds||||8715^LaPlaza^Francisco|8715^LaPlaza^Francisco|||||||||||2607177\rRGS|1|A|2607177\rAIS|1|A|27509^PRQ SKELETAL FIXJ FEMORAL FX DISTAL END^CPT4|20131213103000|||30|Min\rNTE|1||\rAIL|2|A|^27271^zADD-ON Peds^^|OR||20131213103000|||30|Min\rAIP|2|A|8715^LaPlaza^Francisco|Doctor||20131213103000|||30|Min\r",
         "Name": ""
      },
      {
         "Message": "MSH|^~\\&|SIS|Long Island Jewish Medical Center|null|null|20131215130214||SIU^S12|17874|T|2.4||||||SCHEDULED\rSCH|2606604|2606604|||||^RPR 1ST INGUN HRNA AGE 6 MO-5 YRS REDUCIBLE - Location:   Right Qty: ; Prince, Jose M||30|Min|1^^30^20131213110000^20131213113000|14440^Prince^Jose||||||||5693^Condon^Laura^||||||\rPID|1||LJ-2544153||MILLER^SHAMIR^||20130525000000|Male|||^^^^^|||||||LJ-46204350\rPV1|1|O|27271^zADD-ON Peds||||14440^Prince^Jose|14440^Prince^Jose|||||||||||2606604\rRGS|1|A|2606604\rAIS|1|A|49500^RPR 1ST INGUN HRNA AGE 6 MO-5 YRS REDUCIBLE^CPT4|20131213110000|||30|Min\rNTE|1||\rAIL|2|A|^27271^zADD-ON Peds^^|OR||20131213110000|||30|Min\rAIP|2|A|14440^Prince^Jose|Doctor||20131213110000|||30|Min\r",
         "Name": ""
      },
      {
         "Message": "MSH|^~\\&|SIS|Long Island Jewish Medical Center|null|null|20131215130214||SIU^S12|17875|T|2.4||||||SCHEDULED\rSCH|2606604|2606604|||||^RPR 1ST INGUN HRNA AGE 6 MO-5 YRS REDUCIBLE - Location:   Right Qty: ; Prince, Jose M||30|Min|1^^30^20131213110000^20131213113000|14440^Prince^Jose||||||||5693^Condon^Laura^||||||\rPID|1||LJ-2544153||MILLER^SHAMIR^||20130525000000|Male|||^^^^^|||||||LJ-46204350\rPV1|1|O|27271^zADD-ON Peds||||14440^Prince^Jose|14440^Prince^Jose|||||||||||2606604\rRGS|1|A|2606604\rAIS|1|A|49500^RPR 1ST INGUN HRNA AGE 6 MO-5 YRS REDUCIBLE^CPT4|20131213110000|||30|Min\rNTE|1||\rAIL|2|A|^27271^zADD-ON Peds^^|OR||20131213110000|||30|Min\rAIP|2|A|14440^Prince^Jose|Doctor||20131213110000|||30|Min\r",
         "Name": ""
      },
      {
         "Message": "MSH|^~\\&|SIS|Long Island Jewish Medical Center|null|null|20131215130314||SIU^S12|17876|T|2.4||||||SCHEDULED\rSCH|2606646|2606646|||||^LAPAROSCOPIC APPENDECTOMY Qty: ; Rosen, Nelson G||30|Min|1^^30^20131213113000^20131213120000|8357^Rosen^Nelson||||||||5693^Condon^Laura^||||||\rPID|1||LJ-2576981||BLUMENKRANTZ^AKIVA^||20041101000000|Male|||^^^^^|||||||LJ-46204355\rPV1|1|O|27271^zADD-ON Peds||||8357^Rosen^Nelson|8357^Rosen^Nelson|||||||||||2606646\rRGS|1|A|2606646\rAIS|1|A|44970^LAPAROSCOPIC APPENDECTOMY^CPT4|20131213113000|||30|Min\rNTE|1||\rAIL|2|A|^27271^zADD-ON Peds^^|OR||20131213113000|||30|Min\rAIP|2|A|8357^Rosen^Nelson|Doctor||20131213113000|||30|Min\r",
         "Name": ""
      },
      {
         "Message": "MSH|^~\\&|SIS|Long Island Jewish Medical Center|null|null|20131215130314||SIU^S12|17877|T|2.4||||||SCHEDULED\rSCH|2606646|2606646|||||^LAPAROSCOPIC APPENDECTOMY Qty: ; Rosen, Nelson G||30|Min|1^^30^20131213113000^20131213120000|8357^Rosen^Nelson||||||||5693^Condon^Laura^||||||\rPID|1||LJ-2576981||BLUMENKRANTZ^AKIVA^||20041101000000|Male|||^^^^^|||||||LJ-46204355\rPV1|1|O|27271^zADD-ON Peds||||8357^Rosen^Nelson|8357^Rosen^Nelson|||||||||||2606646\rRGS|1|A|2606646\rAIS|1|A|44970^LAPAROSCOPIC APPENDECTOMY^CPT4|20131213113000|||30|Min\rNTE|1||\rAIL|2|A|^27271^zADD-ON Peds^^|OR||20131213113000|||30|Min\rAIP|2|A|8357^Rosen^Nelson|Doctor||20131213113000|||30|Min\r",
         "Name": ""
      },
      {
         "Message": "MSH|^~\\&|SIS|Long Island Jewish Medical Center|null|null|20131215130404||SIU^S12|17878|T|2.4||||||SCHEDULED\rSCH|2606845|2606845|||||^REPAIR PATENT DUCTUS ARTERIOSUS LIGATION - Location:   Left Qty: ; Meyer, David||30|Min|1^^30^20131213120000^20131213123000|12526^Meyer^David||||||||5693^Condon^Laura^||||||\rPID|1||LJ-2576890||HINDS^MALE A^||20131105000000|Male|||^^^^^|||||||LJ-46204319\rPV1|1|O|27271^zADD-ON Peds||||12526^Meyer^David|12526^Meyer^David|||||||||||2606845\rRGS|1|A|2606845\rAIS|1|A|33820^REPAIR PATENT DUCTUS ARTERIOSUS LIGATION^CPT4|20131213120000|||30|Min\rNTE|1||\rAIL|2|A|^27271^zADD-ON Peds^^|OR||20131213120000|||30|Min\rAIP|2|A|12526^Meyer^David|Doctor||20131213120000|||30|Min\r",
         "Name": ""
      },
      {
         "Message": "MSH|^~\\&|SIS|Long Island Jewish Medical Center|null|null|20131215130404||SIU^S12|17879|T|2.4||||||SCHEDULED\rSCH|2606845|2606845|||||^REPAIR PATENT DUCTUS ARTERIOSUS LIGATION - Location:   Left Qty: ; Meyer, David||30|Min|1^^30^20131213120000^20131213123000|12526^Meyer^David||||||||5693^Condon^Laura^||||||\rPID|1||LJ-2576890||HINDS^MALE A^||20131105000000|Male|||^^^^^|||||||LJ-46204319\rPV1|1|O|27271^zADD-ON Peds||||12526^Meyer^David|12526^Meyer^David|||||||||||2606845\rRGS|1|A|2606845\rAIS|1|A|33820^REPAIR PATENT DUCTUS ARTERIOSUS LIGATION^CPT4|20131213120000|||30|Min\rNTE|1||\rAIL|2|A|^27271^zADD-ON Peds^^|OR||20131213120000|||30|Min\rAIP|2|A|12526^Meyer^David|Doctor||20131213120000|||30|Min\r",
         "Name": ""
      },
      {
         "Message": "MSH|^~\\&|SIS|Long Island Jewish Medical Center|null|null|20131215130539||SIU^S12|17880|T|2.4||||||SCHEDULED\rSCH|2607351|2607351|||||^CIRCUMCISION NEONATE Qty: ; Rosen, Nelson G||30|Min|1^^30^20131214093000^20131214100000|8357^Rosen^Nelson||||||||5693^Condon^Laura^||||||\rPID|1||LJ-2038273||CHOHAN^HASSAN^||19991218000000|Male|||^^^^^|||||||LJ-46204329\rPV1|1|O|27271^zADD-ON Peds||||8357^Rosen^Nelson|8357^Rosen^Nelson|||||||||||2607351\rRGS|1|A|2607351\rAIS|1|A|54160^CIRCUMCISION NEONATE^CPT4|20131214093000|||30|Min\rNTE|1||\rAIL|2|A|^27271^zADD-ON Peds^^|OR||20131214093000|||30|Min\rAIP|2|A|8357^Rosen^Nelson|Doctor||20131214093000|||30|Min\r",
         "Name": ""
      },
      {
         "Message": "MSH|^~\\&|SIS|Long Island Jewish Medical Center|null|null|20131215130539||SIU^S12|17881|T|2.4||||||SCHEDULED\rSCH|2607351|2607351|||||^CIRCUMCISION NEONATE Qty: ; Rosen, Nelson G||30|Min|1^^30^20131214093000^20131214100000|8357^Rosen^Nelson||||||||5693^Condon^Laura^||||||\rPID|1||LJ-2038273||CHOHAN^HASSAN^||19991218000000|Male|||^^^^^|||||||LJ-46204329\rPV1|1|O|27271^zADD-ON Peds||||8357^Rosen^Nelson|8357^Rosen^Nelson|||||||||||2607351\rRGS|1|A|2607351\rAIS|1|A|54160^CIRCUMCISION NEONATE^CPT4|20131214093000|||30|Min\rNTE|1||\rAIL|2|A|^27271^zADD-ON Peds^^|OR||20131214093000|||30|Min\rAIP|2|A|8357^Rosen^Nelson|Doctor||20131214093000|||30|Min\r",
         "Name": ""
      },
      {
         "Message": "MSH|^~\\&|SIS|Long Island Jewish Medical Center|null|null|20131215130744||SIU^S12|17882|T|2.4||||||SCHEDULED\rSCH|2607319|2607319|||||^DEBRIDEMENT BONE MUSCLE &/FASCIA 20 SQ CM/< Qty: ; Kwo, Sophia H||30|Min|1^^30^20131213123000^20131213130000|14482^Kwo^Sophia||||||||5693^Condon^Laura^||||||\rPID|1||LJ-2577056||GLASSMANN^BENJAMIN^||20080110000000|Male|||^^^^^|||||||LJ-46204378\rPV1|1|O|27271^zADD-ON Peds||||14482^Kwo^Sophia|14482^Kwo^Sophia|||||||||||2607319\rRGS|1|A|2607319\rAIS|1|A|11044^DEBRIDEMENT BONE MUSCLE  and /FASCIA 20 SQ CM/<^CPT4|20131213123000|||30|Min\rNTE|1||\rAIL|2|A|^27271^zADD-ON Peds^^|OR||20131213123000|||30|Min\rAIP|2|A|14482^Kwo^Sophia|Doctor||20131213123000|||30|Min\r",
         "Name": ""
      },
      {
         "Message": "MSH|^~\\&|SIS|Long Island Jewish Medical Center|null|null|20131215130744||SIU^S12|17883|T|2.4||||||SCHEDULED\rSCH|2607319|2607319|||||^DEBRIDEMENT BONE MUSCLE &/FASCIA 20 SQ CM/< Qty: ; Kwo, Sophia H||30|Min|1^^30^20131213123000^20131213130000|14482^Kwo^Sophia||||||||5693^Condon^Laura^||||||\rPID|1||LJ-2577056||GLASSMANN^BENJAMIN^||20080110000000|Male|||^^^^^|||||||LJ-46204378\rPV1|1|O|27271^zADD-ON Peds||||14482^Kwo^Sophia|14482^Kwo^Sophia|||||||||||2607319\rRGS|1|A|2607319\rAIS|1|A|11044^DEBRIDEMENT BONE MUSCLE  and /FASCIA 20 SQ CM/<^CPT4|20131213123000|||30|Min\rNTE|1||\rAIL|2|A|^27271^zADD-ON Peds^^|OR||20131213123000|||30|Min\rAIP|2|A|14482^Kwo^Sophia|Doctor||20131213123000|||30|Min\r",
         "Name": ""
      },
      {
         "Message": "MSH|^~\\&|SIS|Long Island Jewish Medical Center|null|null|20131216092434||SIU^S12|18443|T|2.4||||||SCHEDULED\rSCH|2607328|2607328|||||^OPEN TREATMENT HUMERAL CONDYLAR FRACTURE Qty: ; LaPlaza, Francisco J||30|Min|1^^30^20131214080000^20131214083000|8715^LaPlaza^Francisco||||||||5748^Nolan^Jennifer^E||||||\rPID|1||2577193||GREENBERG^ABIGAIL^||20040421000000|Female|||^^^^^|||||||46204385\rPV1|1|O|27271^zADD-ON Peds||||8715^LaPlaza^Francisco|8715^LaPlaza^Francisco|||||||||||2607328\rRGS|1|A|2607328\rAIS|1|A|24579^OPEN TREATMENT HUMERAL CONDYLAR FRACTURE^CPT4|20131214080000|||30|Min\rNTE|1||\rAIL|2|A|^27271^zADD-ON Peds^^|OR||20131214080000|||30|Min\rAIP|2|A|8715^LaPlaza^Francisco|Doctor||20131214080000|||30|Min\r",
         "Name": ""
      },
      {
         "Message": "MSH|^~\\&|SIS|Long Island Jewish Medical Center|null|null|20131216092434||SIU^S12|18444|T|2.4||||||SCHEDULED\rSCH|2607328|2607328|||||^OPEN TREATMENT HUMERAL CONDYLAR FRACTURE Qty: ; LaPlaza, Francisco J||30|Min|1^^30^20131214080000^20131214083000|8715^LaPlaza^Francisco||||||||5748^Nolan^Jennifer^E||||||\rPID|1||2577193||GREENBERG^ABIGAIL^||20040421000000|Female|||^^^^^|||||||46204385\rPV1|1|O|27271^zADD-ON Peds||||8715^LaPlaza^Francisco|8715^LaPlaza^Francisco|||||||||||2607328\rRGS|1|A|2607328\rAIS|1|A|24579^OPEN TREATMENT HUMERAL CONDYLAR FRACTURE^CPT4|20131214080000|||30|Min\rNTE|1||\rAIL|2|A|^27271^zADD-ON Peds^^|OR||20131214080000|||30|Min\rAIP|2|A|8715^LaPlaza^Francisco|Doctor||20131214080000|||30|Min\r",
         "Name": ""
      },
      {
         "Message": "MSH|^~\\&|SIS|Long Island Jewish Medical Center|null|null|20131216092544||SIU^S12|18446|T|2.4||||||SCHEDULED\rSCH|2607350|2607350|||||^LAPAROSCOPIC APPENDECTOMY Qty: ; Rosen, Nelson G||30|Min|1^^30^20131214083000^20131214090000|8357^Rosen^Nelson||||||||5748^Nolan^Jennifer^E||||||\rPID|1||2577292||YANES^JENSEY^||20061104000000|Female|||^^^^^|||||||95206081\rPV1|1|O|27271^zADD-ON Peds||||8357^Rosen^Nelson|8357^Rosen^Nelson|||||||||||2607350\rRGS|1|A|2607350\rAIS|1|A|44970^LAPAROSCOPIC APPENDECTOMY^CPT4|20131214083000|||30|Min\rNTE|1||\rAIL|2|A|^27271^zADD-ON Peds^^|OR||20131214083000|||30|Min\rAIP|2|A|8357^Rosen^Nelson|Doctor||20131214083000|||30|Min\r",
         "Name": ""
      },
      {
         "Message": "MSH|^~\\&|SIS|Long Island Jewish Medical Center|null|null|20131216092544||SIU^S12|18447|T|2.4||||||SCHEDULED\rSCH|2607350|2607350|||||^LAPAROSCOPIC APPENDECTOMY Qty: ; Rosen, Nelson G||30|Min|1^^30^20131214083000^20131214090000|8357^Rosen^Nelson||||||||5748^Nolan^Jennifer^E||||||\rPID|1||2577292||YANES^JENSEY^||20061104000000|Female|||^^^^^|||||||95206081\rPV1|1|O|27271^zADD-ON Peds||||8357^Rosen^Nelson|8357^Rosen^Nelson|||||||||||2607350\rRGS|1|A|2607350\rAIS|1|A|44970^LAPAROSCOPIC APPENDECTOMY^CPT4|20131214083000|||30|Min\rNTE|1||\rAIL|2|A|^27271^zADD-ON Peds^^|OR||20131214083000|||30|Min\rAIP|2|A|8357^Rosen^Nelson|Doctor||20131214083000|||30|Min\r",
         "Name": ""
      },
      {
         "Message": "MSH|^~\\&|SIS|Long Island Jewish Medical Center|null|null|20131216092610||SIU^S13|18453|T|2.4||||||SCHEDULED\rSCH|2607351|2607351||||SCHEDULED^Reschedule|||30|Min|1^^30^20131214090000^20131214093000|8357^Rosen^Nelson||||||||5693^Condon^Laura^||||||\rPID|1||LJ-2038273||CHOHAN^HASSAN^||19991218000000|Male|||^^^^^|||||||LJ-46204329\rPV1|1|O|27271^zADD-ON Peds||||8357^Rosen^Nelson|8357^Rosen^Nelson|||||||||||2607351\rRGS|1|U|2607351\rAIS|1|U|54160^CIRCUMCISION NEONATE^CPT4|20131214090000|||30|Min\rNTE|1||\rAIL|2|U|^27271^zADD-ON Peds^^|OR||20131214090000|||30|Min\rAIP|2|U|8357^Rosen^Nelson|Doctor||20131214090000|||30|Min\r",
         "Name": ""
      },
      {
         "Message": "MSH|^~\\&|SIS|Long Island Jewish Medical Center|null|null|20131216092837||SIU^S12|18471|T|2.4||||||SCHEDULED\rSCH|2607365|2607365|||||^TONSILLECTOMY ONE-HALF <AGE 12 Qty: ; Kennedy, III, William A||30|Min|1^^30^20131214093000^20131214100000|13743^Kennedy, III^William||||||||5748^Nolan^Jennifer^E||||||\rPID|1||2577375||ALFANO^VIVIAN^||20081112000000|Female|||^^^^^|||||||46204425\rPV1|1|O|27271^zADD-ON Peds||||13743^Kennedy, III^William|13743^Kennedy, III^William|||||||||||2607365\rRGS|1|A|2607365\rAIS|1|A|42825^TONSILLECTOMY ONE-HALF <AGE 12^CPT4|20131214093000|||30|Min\rNTE|1||\rAIL|2|A|^27271^zADD-ON Peds^^|OR||20131214093000|||30|Min\rAIP|2|A|13743^Kennedy, III^William|Doctor||20131214093000|||30|Min\r",
         "Name": ""
      },
      {
         "Message": "MSH|^~\\&|SIS|Long Island Jewish Medical Center|null|null|20131216092837||SIU^S12|18472|T|2.4||||||SCHEDULED\rSCH|2607365|2607365|||||^TONSILLECTOMY ONE-HALF <AGE 12 Qty: ; Kennedy, III, William A||30|Min|1^^30^20131214093000^20131214100000|13743^Kennedy, III^William||||||||5748^Nolan^Jennifer^E||||||\rPID|1||2577375||ALFANO^VIVIAN^||20081112000000|Female|||^^^^^|||||||46204425\rPV1|1|O|27271^zADD-ON Peds||||13743^Kennedy, III^William|13743^Kennedy, III^William|||||||||||2607365\rRGS|1|A|2607365\rAIS|1|A|42825^TONSILLECTOMY ONE-HALF <AGE 12^CPT4|20131214093000|||30|Min\rNTE|1||\rAIL|2|A|^27271^zADD-ON Peds^^|OR||20131214093000|||30|Min\rAIP|2|A|13743^Kennedy, III^William|Doctor||20131214093000|||30|Min\r",
         "Name": ""
      },
      {
         "Message": "MSH|^~\\&|SIS|Long Island Jewish Medical Center|null|null|20131216100604||SIU^S12|18789|T|2.4||||||SCHEDULED\rSCH|2607386|2607386|||||^I&D ABSCESS PERITONSILLAR - Location:   Left Qty: ; Kennedy, III, William A||30|Min|1^^30^20131215080000^20131215083000|13743^Kennedy, III^William||||||||5748^Nolan^Jennifer^E||||||\rPID|1||LJ-1458175||CHOY^AUSTIN^||19980903000000|Male|||^^^^^|||||||46204398\rPV1|1|O|27271^zADD-ON Peds||||13743^Kennedy, III^William|13743^Kennedy, III^William|||||||||||2607386\rRGS|1|A|2607386\rAIS|1|A|42700^I and D ABSCESS PERITONSILLAR^CPT4|20131215080000|||30|Min\rNTE|1||\rAIL|2|A|^27271^zADD-ON Peds^^|OR||20131215080000|||30|Min\rAIP|2|A|13743^Kennedy, III^William|Doctor||20131215080000|||30|Min\r",
         "Name": ""
      },
      {
         "Message": "MSH|^~\\&|SIS|Long Island Jewish Medical Center|null|null|20131216100604||SIU^S12|18790|T|2.4||||||SCHEDULED\rSCH|2607386|2607386|||||^I&D ABSCESS PERITONSILLAR - Location:   Left Qty: ; Kennedy, III, William A||30|Min|1^^30^20131215080000^20131215083000|13743^Kennedy, III^William||||||||5748^Nolan^Jennifer^E||||||\rPID|1||LJ-1458175||CHOY^AUSTIN^||19980903000000|Male|||^^^^^|||||||46204398\rPV1|1|O|27271^zADD-ON Peds||||13743^Kennedy, III^William|13743^Kennedy, III^William|||||||||||2607386\rRGS|1|A|2607386\rAIS|1|A|42700^I and D ABSCESS PERITONSILLAR^CPT4|20131215080000|||30|Min\rNTE|1||\rAIL|2|A|^27271^zADD-ON Peds^^|OR||20131215080000|||30|Min\rAIP|2|A|13743^Kennedy, III^William|Doctor||20131215080000|||30|Min\r",
         "Name": ""
      },
      {
         "Message": "MSH|^~\\&|SIS|Long Island Jewish Medical Center|null|null|20131216100706||SIU^S12|18805|T|2.4||||||SCHEDULED\rSCH|2607381|2607381|||||^RDCTJ TORSION TSTIS W/WO FIXJ CLAT TESTIS - Location:   Left Qty: ; Freyle, Jaime||30|Min|1^^30^20131215083000^20131215090000|7937^Freyle^Jaime||||||||5748^Nolan^Jennifer^E||||||\rPID|1||1732612||KELLS^OWEN^||20131215000000|Male|||^^^^^|||||||95206185\rPV1|1|O|27271^zADD-ON Peds||||7937^Freyle^Jaime|7937^Freyle^Jaime|||||||||||2607381\rRGS|1|A|2607381\rAIS|1|A|54600^RDCTJ TORSION TSTIS W/WO FIXJ CLAT TESTIS^CPT4|20131215083000|||30|Min\rNTE|1||\rAIL|2|A|^27271^zADD-ON Peds^^|OR||20131215083000|||30|Min\rAIP|2|A|7937^Freyle^Jaime|Doctor||20131215083000|||30|Min\r",
         "Name": ""
      },
      {
         "Message": "MSH|^~\\&|SIS|Long Island Jewish Medical Center|null|null|20131216100706||SIU^S12|18806|T|2.4||||||SCHEDULED\rSCH|2607381|2607381|||||^RDCTJ TORSION TSTIS W/WO FIXJ CLAT TESTIS - Location:   Left Qty: ; Freyle, Jaime||30|Min|1^^30^20131215083000^20131215090000|7937^Freyle^Jaime||||||||5748^Nolan^Jennifer^E||||||\rPID|1||1732612||KELLS^OWEN^||20131215000000|Male|||^^^^^|||||||95206185\rPV1|1|O|27271^zADD-ON Peds||||7937^Freyle^Jaime|7937^Freyle^Jaime|||||||||||2607381\rRGS|1|A|2607381\rAIS|1|A|54600^RDCTJ TORSION TSTIS W/WO FIXJ CLAT TESTIS^CPT4|20131215083000|||30|Min\rNTE|1||\rAIL|2|A|^27271^zADD-ON Peds^^|OR||20131215083000|||30|Min\rAIP|2|A|7937^Freyle^Jaime|Doctor||20131215083000|||30|Min\r",
         "Name": ""
      },
      {
         "Message": "MSH|^~\\&|SIS|Long Island Jewish Medical Center|null|null|20131216100807||SIU^S12|18824|T|2.4||||||SCHEDULED\rSCH|2607385|2607385|||||^LAPAROSCOPIC APPENDECTOMY Qty: ; Rosen, Nelson G||30|Min|1^^30^20131215090000^20131215093000|8357^Rosen^Nelson||||||||5748^Nolan^Jennifer^E||||||\rPID|1||LJ-1377345||KOLNSBERG^MADISON^||19961113000000|Female|||^^^^^|||||||95206197\rPV1|1|O|27271^zADD-ON Peds||||8357^Rosen^Nelson|8357^Rosen^Nelson|||||||||||2607385\rRGS|1|A|2607385\rAIS|1|A|44970^LAPAROSCOPIC APPENDECTOMY^CPT4|20131215090000|||30|Min\rNTE|1||\rAIL|2|A|^27271^zADD-ON Peds^^|OR||20131215090000|||30|Min\rAIP|2|A|8357^Rosen^Nelson|Doctor||20131215090000|||30|Min\r",
         "Name": ""
      },
      {
         "Message": "MSH|^~\\&|SIS|Long Island Jewish Medical Center|null|null|20131216100807||SIU^S12|18825|T|2.4||||||SCHEDULED\rSCH|2607385|2607385|||||^LAPAROSCOPIC APPENDECTOMY Qty: ; Rosen, Nelson G||30|Min|1^^30^20131215090000^20131215093000|8357^Rosen^Nelson||||||||5748^Nolan^Jennifer^E||||||\rPID|1||LJ-1377345||KOLNSBERG^MADISON^||19961113000000|Female|||^^^^^|||||||95206197\rPV1|1|O|27271^zADD-ON Peds||||8357^Rosen^Nelson|8357^Rosen^Nelson|||||||||||2607385\rRGS|1|A|2607385\rAIS|1|A|44970^LAPAROSCOPIC APPENDECTOMY^CPT4|20131215090000|||30|Min\rNTE|1||\rAIL|2|A|^27271^zADD-ON Peds^^|OR||20131215090000|||30|Min\rAIP|2|A|8357^Rosen^Nelson|Doctor||20131215090000|||30|Min\r",
         "Name": ""
      },
      {
         "Message": "MSH|^~\\&|SIS|Long Island Jewish Medical Center|null|null|20131216100909||SIU^S12|18851|T|2.4||||||SCHEDULED\rSCH|2607374|2607374|||||^PYLOROMYOTOMY CUTTING PYLORIC MUSC Qty: ; Rosen, Nelson G||30|Min|1^^30^20131215093000^20131215100000|8357^Rosen^Nelson||||||||5748^Nolan^Jennifer^E||||||\rPID|1||2571556||TOOR^HARSHAAN^||20131118000000|Male|||^^^^^|||||||46204423\rPV1|1|O|27271^zADD-ON Peds||||8357^Rosen^Nelson|8357^Rosen^Nelson|||||||||||2607374\rRGS|1|A|2607374\rAIS|1|A|43520^PYLOROMYOTOMY CUTTING PYLORIC MUSC^CPT4|20131215093000|||30|Min\rNTE|1||\rAIL|2|A|^27271^zADD-ON Peds^^|OR||20131215093000|||30|Min\rAIP|2|A|8357^Rosen^Nelson|Doctor||20131215093000|||30|Min\r",
         "Name": ""
      },
      {
         "Message": "MSH|^~\\&|SIS|Long Island Jewish Medical Center|null|null|20131216100909||SIU^S12|18852|T|2.4||||||SCHEDULED\rSCH|2607374|2607374|||||^PYLOROMYOTOMY CUTTING PYLORIC MUSC Qty: ; Rosen, Nelson G||30|Min|1^^30^20131215093000^20131215100000|8357^Rosen^Nelson||||||||5748^Nolan^Jennifer^E||||||\rPID|1||2571556||TOOR^HARSHAAN^||20131118000000|Male|||^^^^^|||||||46204423\rPV1|1|O|27271^zADD-ON Peds||||8357^Rosen^Nelson|8357^Rosen^Nelson|||||||||||2607374\rRGS|1|A|2607374\rAIS|1|A|43520^PYLOROMYOTOMY CUTTING PYLORIC MUSC^CPT4|20131215093000|||30|Min\rNTE|1||\rAIL|2|A|^27271^zADD-ON Peds^^|OR||20131215093000|||30|Min\rAIP|2|A|8357^Rosen^Nelson|Doctor||20131215093000|||30|Min\r",
         "Name": ""
      },
      {
         "Message": "MSH|^~\\&|SIS|Long Island Jewish Medical Center|null|null|20131217113631||SIU^S12|23126|T|2.4||||||SCHEDULED\rSCH|2607444|2607444|||||^INSJ TUN VAD REQ 2 CATH 2 SITS W/SUBQ PORT Qty: ; Prince, Jose M||30|Min|1^^30^20131216080000^20131216083000|14440^Prince^Jose||||||||5748^Nolan^Jennifer^E||||||\rPID|1||1815046||ALVAREZ^KATIE^||19981020000000|Female|||^^^^^|||||||46204438\rPV1|1|O|27271^zADD-ON Peds||||14440^Prince^Jose|14440^Prince^Jose|||||||||||2607444\rRGS|1|A|2607444\rAIS|1|A|36566^INSJ TUN VAD REQ 2 CATH 2 SITS W/SUBQ PORT^CPT4|20131216080000|||30|Min\rNTE|1||\rAIL|2|A|^27271^zADD-ON Peds^^|OR||20131216080000|||30|Min\rAIP|2|A|14440^Prince^Jose|Doctor||20131216080000|||30|Min\r",
         "Name": ""
      },
      {
         "Message": "MSH|^~\\&|SIS|Long Island Jewish Medical Center|null|null|20131217113631||SIU^S12|23127|T|2.4||||||SCHEDULED\rSCH|2607444|2607444|||||^INSJ TUN VAD REQ 2 CATH 2 SITS W/SUBQ PORT Qty: ; Prince, Jose M||30|Min|1^^30^20131216080000^20131216083000|14440^Prince^Jose||||||||5748^Nolan^Jennifer^E||||||\rPID|1||1815046||ALVAREZ^KATIE^||19981020000000|Female|||^^^^^|||||||46204438\rPV1|1|O|27271^zADD-ON Peds||||14440^Prince^Jose|14440^Prince^Jose|||||||||||2607444\rRGS|1|A|2607444\rAIS|1|A|36566^INSJ TUN VAD REQ 2 CATH 2 SITS W/SUBQ PORT^CPT4|20131216080000|||30|Min\rNTE|1||\rAIL|2|A|^27271^zADD-ON Peds^^|OR||20131216080000|||30|Min\rAIP|2|A|14440^Prince^Jose|Doctor||20131216080000|||30|Min\r",
         "Name": ""
      },
      {
         "Message": "MSH|^~\\&|SIS|Long Island Jewish Medical Center|null|null|20131217113722||SIU^S12|23130|T|2.4||||||SCHEDULED\rSCH|2608211|2608211|||||^CRTJ SHUNT VENTRICULO-PERITNEAL-PLEURAL TERMINUS Qty: ; Mittler, Mark A||30|Min|1^^30^20131216083000^20131216090000|2644^Mittler^Mark||||||||5748^Nolan^Jennifer^E||||||\rPID|1||2577229||ARMSTRONG^MALE^||20131213000000|Male|||^^^^^|||||||46204386\rPV1|1|O|27271^zADD-ON Peds||||2644^Mittler^Mark|2644^Mittler^Mark|||||||||||2608211\rRGS|1|A|2608211\rAIS|1|A|62223^CRTJ SHUNT VENTRICULO-PERITNEAL-PLEURAL TERMINUS^CPT4|20131216083000|||30|Min\rNTE|1||\rAIL|2|A|^27271^zADD-ON Peds^^|OR||20131216083000|||30|Min\rAIP|2|A|2644^Mittler^Mark|Doctor||20131216083000|||30|Min\r",
         "Name": ""
      },
      {
         "Message": "MSH|^~\\&|SIS|Long Island Jewish Medical Center|null|null|20131217113722||SIU^S12|23131|T|2.4||||||SCHEDULED\rSCH|2608211|2608211|||||^CRTJ SHUNT VENTRICULO-PERITNEAL-PLEURAL TERMINUS Qty: ; Mittler, Mark A||30|Min|1^^30^20131216083000^20131216090000|2644^Mittler^Mark||||||||5748^Nolan^Jennifer^E||||||\rPID|1||2577229||ARMSTRONG^MALE^||20131213000000|Male|||^^^^^|||||||46204386\rPV1|1|O|27271^zADD-ON Peds||||2644^Mittler^Mark|2644^Mittler^Mark|||||||||||2608211\rRGS|1|A|2608211\rAIS|1|A|62223^CRTJ SHUNT VENTRICULO-PERITNEAL-PLEURAL TERMINUS^CPT4|20131216083000|||30|Min\rNTE|1||\rAIL|2|A|^27271^zADD-ON Peds^^|OR||20131216083000|||30|Min\rAIP|2|A|2644^Mittler^Mark|Doctor||20131216083000|||30|Min\r",
         "Name": ""
      },
      {
         "Message": "MSH|^~\\&|SIS|Long Island Jewish Medical Center|null|null|20131217113853||SIU^S12|23145|T|2.4||||||SCHEDULED\rSCH|2607640|2607640|||||^LAPAROSCOPIC APPENDECTOMY Qty: ; Prince, Jose M||30|Min|1^^30^20131216090000^20131216093000|14440^Prince^Jose||||||||5748^Nolan^Jennifer^E||||||\rPID|1||2577460||BURKHARDT^KARL^||19961227000000|Male|||^^^^^|||||||46204464\rPV1|1|O|27271^zADD-ON Peds||||14440^Prince^Jose|14440^Prince^Jose|||||||||||2607640\rRGS|1|A|2607640\rAIS|1|A|44970^LAPAROSCOPIC APPENDECTOMY^CPT4|20131216090000|||30|Min\rNTE|1||\rAIL|2|A|^27271^zADD-ON Peds^^|OR||20131216090000|||30|Min\rAIP|2|A|14440^Prince^Jose|Doctor||20131216090000|||30|Min\r",
         "Name": ""
      },
      {
         "Message": "MSH|^~\\&|SIS|Long Island Jewish Medical Center|null|null|20131217113853||SIU^S12|23146|T|2.4||||||SCHEDULED\rSCH|2607640|2607640|||||^LAPAROSCOPIC APPENDECTOMY Qty: ; Prince, Jose M||30|Min|1^^30^20131216090000^20131216093000|14440^Prince^Jose||||||||5748^Nolan^Jennifer^E||||||\rPID|1||2577460||BURKHARDT^KARL^||19961227000000|Male|||^^^^^|||||||46204464\rPV1|1|O|27271^zADD-ON Peds||||14440^Prince^Jose|14440^Prince^Jose|||||||||||2607640\rRGS|1|A|2607640\rAIS|1|A|44970^LAPAROSCOPIC APPENDECTOMY^CPT4|20131216090000|||30|Min\rNTE|1||\rAIL|2|A|^27271^zADD-ON Peds^^|OR||20131216090000|||30|Min\rAIP|2|A|14440^Prince^Jose|Doctor||20131216090000|||30|Min\r",
         "Name": ""
      },
      {
         "Message": "MSH|^~\\&|SIS|Long Island Jewish Medical Center|null|null|20131217114000||SIU^S12|23156|T|2.4||||||SCHEDULED\rSCH|2607846|2607846|||||^CRTJ SHUNT VENTRICULO-PERITNEAL-PLEURAL TERMINUS Qty: ; Mittler, Mark A||30|Min|1^^30^20131216093000^20131216100000|2644^Mittler^Mark||||||||5748^Nolan^Jennifer^E||||||\rPID|1||LJ-2329951||DELAHOUSSE^TIMOTHY^||20101003000000|Male|||^^^^^|||||||9999999999999999\rPV1|1|O|27271^zADD-ON Peds||||2644^Mittler^Mark|2644^Mittler^Mark|||||||||||2607846\rRGS|1|A|2607846\rAIS|1|A|62223^CRTJ SHUNT VENTRICULO-PERITNEAL-PLEURAL TERMINUS^CPT4|20131216093000|||30|Min\rNTE|1||\rAIL|2|A|^27271^zADD-ON Peds^^|OR||20131216093000|||30|Min\rAIP|2|A|2644^Mittler^Mark|Doctor||20131216093000|||30|Min\r",
         "Name": ""
      },
      {
         "Message": "MSH|^~\\&|SIS|Long Island Jewish Medical Center|null|null|20131217114000||SIU^S12|23157|T|2.4||||||SCHEDULED\rSCH|2607846|2607846|||||^CRTJ SHUNT VENTRICULO-PERITNEAL-PLEURAL TERMINUS Qty: ; Mittler, Mark A||30|Min|1^^30^20131216093000^20131216100000|2644^Mittler^Mark||||||||5748^Nolan^Jennifer^E||||||\rPID|1||LJ-2329951||DELAHOUSSE^TIMOTHY^||20101003000000|Male|||^^^^^|||||||9999999999999999\rPV1|1|O|27271^zADD-ON Peds||||2644^Mittler^Mark|2644^Mittler^Mark|||||||||||2607846\rRGS|1|A|2607846\rAIS|1|A|62223^CRTJ SHUNT VENTRICULO-PERITNEAL-PLEURAL TERMINUS^CPT4|20131216093000|||30|Min\rNTE|1||\rAIL|2|A|^27271^zADD-ON Peds^^|OR||20131216093000|||30|Min\rAIP|2|A|2644^Mittler^Mark|Doctor||20131216093000|||30|Min\r",
         "Name": ""
      },
      {
         "Message": "MSH|^~\\&|SIS|Long Island Jewish Medical Center|null|null|20131217114111||SIU^S12|23162|T|2.4||||||SCHEDULED\rSCH|2608213|2608213|||||^RDCTJ TORSION TSTIS W/WO FIXJ CLAT TESTIS Qty: ; Gitlin, Jordan S||30|Min|1^^30^20131216100000^20131216103000|7934^Gitlin^Jordan||||||||5748^Nolan^Jennifer^E||||||\rPID|1||LJ-1376943||HAMPTON^AARON^||19970123000000|Male|||^^^^^|||||||95206381\rPV1|1|O|27271^zADD-ON Peds||||7934^Gitlin^Jordan|7934^Gitlin^Jordan|||||||||||2608213\rRGS|1|A|2608213\rAIS|1|A|54600^RDCTJ TORSION TSTIS W/WO FIXJ CLAT TESTIS^CPT4|20131216100000|||30|Min\rNTE|1||\rAIL|2|A|^27271^zADD-ON Peds^^|OR||20131216100000|||30|Min\rAIP|2|A|7934^Gitlin^Jordan|Doctor||20131216100000|||30|Min\r",
         "Name": ""
      },
      {
         "Message": "MSH|^~\\&|SIS|Long Island Jewish Medical Center|null|null|20131217114111||SIU^S12|23163|T|2.4||||||SCHEDULED\rSCH|2608213|2608213|||||^RDCTJ TORSION TSTIS W/WO FIXJ CLAT TESTIS Qty: ; Gitlin, Jordan S||30|Min|1^^30^20131216100000^20131216103000|7934^Gitlin^Jordan||||||||5748^Nolan^Jennifer^E||||||\rPID|1||LJ-1376943||HAMPTON^AARON^||19970123000000|Male|||^^^^^|||||||95206381\rPV1|1|O|27271^zADD-ON Peds||||7934^Gitlin^Jordan|7934^Gitlin^Jordan|||||||||||2608213\rRGS|1|A|2608213\rAIS|1|A|54600^RDCTJ TORSION TSTIS W/WO FIXJ CLAT TESTIS^CPT4|20131216100000|||30|Min\rNTE|1||\rAIL|2|A|^27271^zADD-ON Peds^^|OR||20131216100000|||30|Min\rAIP|2|A|7934^Gitlin^Jordan|Doctor||20131216100000|||30|Min\r",
         "Name": ""
      },
      {
         "Message": "MSH|^~\\&|SIS|Long Island Jewish Medical Center|null|null|20131218104041||SIU^S12|26121|T|2.4||||||SCHEDULED\rSCH|2608404|2608404|||||^TX INTER/PR/SUBTRCHNTRIC FEMORAL FX SCREW IMPLT - Location:   Right Qty: ; LaPlaza, Francisco J||30|Min|1^^30^20131217080000^20131217083000|8715^LaPlaza^Francisco||||||||5748^Nolan^Jennifer^E||||||\rPID|1||2577507||CHERRY^RYAN^||19991112000000|Male|||^^^^^|||||||999999999999999\rPV1|1|O|27271^zADD-ON Peds||||8715^LaPlaza^Francisco|8715^LaPlaza^Francisco|||||||||||2608404\rRGS|1|A|2608404\rAIS|1|A|27244^TX INTER/PR/SUBTRCHNTRIC FEMORAL FX SCREW IMPLT^CPT4|20131217080000|||30|Min\rNTE|1||\rAIL|2|A|^27271^zADD-ON Peds^^|OR||20131217080000|||30|Min\rAIP|2|A|8715^LaPlaza^Francisco|Doctor||20131217080000|||30|Min\r",
         "Name": ""
      },
      {
         "Message": "MSH|^~\\&|SIS|Long Island Jewish Medical Center|null|null|20131218104041||SIU^S12|26122|T|2.4||||||SCHEDULED\rSCH|2608404|2608404|||||^TX INTER/PR/SUBTRCHNTRIC FEMORAL FX SCREW IMPLT - Location:   Right Qty: ; LaPlaza, Francisco J||30|Min|1^^30^20131217080000^20131217083000|8715^LaPlaza^Francisco||||||||5748^Nolan^Jennifer^E||||||\rPID|1||2577507||CHERRY^RYAN^||19991112000000|Male|||^^^^^|||||||999999999999999\rPV1|1|O|27271^zADD-ON Peds||||8715^LaPlaza^Francisco|8715^LaPlaza^Francisco|||||||||||2608404\rRGS|1|A|2608404\rAIS|1|A|27244^TX INTER/PR/SUBTRCHNTRIC FEMORAL FX SCREW IMPLT^CPT4|20131217080000|||30|Min\rNTE|1||\rAIL|2|A|^27271^zADD-ON Peds^^|OR||20131217080000|||30|Min\rAIP|2|A|8715^LaPlaza^Francisco|Doctor||20131217080000|||30|Min\r",
         "Name": ""
      },
      {
         "Message": "MSH|^~\\&|SIS|Long Island Jewish Medical Center|null|null|20131218104146||SIU^S12|26129|T|2.4||||||SCHEDULED\rSCH|2608998|2608998|||||^INSJ TUNNELED CTR VAD W/SUBQ PORT AGE 5 YR/> Qty: ; Rosen, Nelson G||30|Min|1^^30^20131217083000^20131217090000|8357^Rosen^Nelson||||||||5748^Nolan^Jennifer^E||||||\rPID|1||LJ-2569127||HUNTE^SAMANTHA^||19980228000000|Female|||^^^^^|||||||2569127\rPV1|1|O|27271^zADD-ON Peds||||8357^Rosen^Nelson|8357^Rosen^Nelson|||||||||||2608998\rRGS|1|A|2608998\rAIS|1|A|36561^INSJ TUNNELED CTR VAD W/SUBQ PORT AGE 5 YR/>^CPT4|20131217083000|||30|Min\rNTE|1||\rAIL|2|A|^27271^zADD-ON Peds^^|OR||20131217083000|||30|Min\rAIP|2|A|8357^Rosen^Nelson|Doctor||20131217083000|||30|Min\r",
         "Name": ""
      },
      {
         "Message": "MSH|^~\\&|SIS|Long Island Jewish Medical Center|null|null|20131218104146||SIU^S12|26130|T|2.4||||||SCHEDULED\rSCH|2608998|2608998|||||^INSJ TUNNELED CTR VAD W/SUBQ PORT AGE 5 YR/> Qty: ; Rosen, Nelson G||30|Min|1^^30^20131217083000^20131217090000|8357^Rosen^Nelson||||||||5748^Nolan^Jennifer^E||||||\rPID|1||LJ-2569127||HUNTE^SAMANTHA^||19980228000000|Female|||^^^^^|||||||2569127\rPV1|1|O|27271^zADD-ON Peds||||8357^Rosen^Nelson|8357^Rosen^Nelson|||||||||||2608998\rRGS|1|A|2608998\rAIS|1|A|36561^INSJ TUNNELED CTR VAD W/SUBQ PORT AGE 5 YR/>^CPT4|20131217083000|||30|Min\rNTE|1||\rAIL|2|A|^27271^zADD-ON Peds^^|OR||20131217083000|||30|Min\rAIP|2|A|8357^Rosen^Nelson|Doctor||20131217083000|||30|Min\r",
         "Name": ""
      },
      {
         "Message": "MSH|^~\\&|SIS|Long Island Jewish Medical Center|null|null|20131218104329||SIU^S13|26153|T|2.4||||||SCHEDULED\rSCH|2608782|2608782||||SCHEDULED^Reschedule|||30|Min|1^^30^20131217090000^20131217093000|2648^Schneider^Steven||||||||5748^Nolan^Jennifer^E||||||\rPID|1||2577332||IGLESIAS^YASHMEL^||19961217000000|Female|||^^^^^|||||||46204412\rPV1|1|O|27271^zADD-ON Peds||||2648^Schneider^Steven|2648^Schneider^Steven|||||||||||2608782\rRGS|1|U|2608782\rAIS|1|U|61571^CRANIECTOMY/CRANIOTOMY TX PENETRATNG WOUND BRAIN^CPT4|20131217090000|||30|Min\rNTE|1||\rAIL|2|U|^27271^zADD-ON Peds^^|OR||20131217090000|||30|Min\rAIP|2|U|2648^Schneider^Steven|Doctor||20131217090000|||30|Min\r",
         "Name": ""
      },
      {
         "Message": "MSH|^~\\&|SIS|Long Island Jewish Medical Center|null|null|20131218104329||SIU^S14|26154|T|2.4||||||SCHEDULED\rSCH|2608782|2608782|||||^CRANIECTOMY/CRANIOTOMY TX PENETRATNG WOUND BRAIN Qty: ; Schneider, Steven||30|Min|1^^30^20131217090000^20131217093000|2648^Schneider^Steven||||||||5748^Nolan^Jennifer^E||||||\rPID|1||2577332||IGLESIAS^YASHMEL^||19961217000000|Female|||^^^^^|||||||46204412\rPV1|1|O|27271^zADD-ON Peds||||2648^Schneider^Steven|2648^Schneider^Steven|||||||||||2608782\rRGS|1|U|2608782\rAIS|1|U|61571^CRANIECTOMY/CRANIOTOMY TX PENETRATNG WOUND BRAIN^CPT4|20131217090000|||30|Min\rNTE|1||\rAIL|2|U|^27271^zADD-ON Peds^^|OR||20131217090000|||30|Min\rAIP|2|U|2648^Schneider^Steven|Doctor||20131217090000|||30|Min\r",
         "Name": ""
      },
      {
         "Message": "MSH|^~\\&|SIS|Long Island Jewish Medical Center|null|null|20131218105442||SIU^S12|26235|T|2.4||||||SCHEDULED\rSCH|2608229|2608229|||||^LAPAROSCOPIC APPENDECTOMY Qty: ; Rosen, Nelson G||30|Min|1^^30^20131217093000^20131217100000|8357^Rosen^Nelson||||||||5748^Nolan^Jennifer^E||||||\rPID|1||2577625||RAMOS^JUDEX^||19960518000000|Male|||^^^^^|||||||46204500\rPV1|1|O|27271^zADD-ON Peds||||8357^Rosen^Nelson|8357^Rosen^Nelson|||||||||||2608229\rRGS|1|A|2608229\rAIS|1|A|44970^LAPAROSCOPIC APPENDECTOMY^CPT4|20131217093000|||30|Min\rNTE|1||\rAIL|2|A|^27271^zADD-ON Peds^^|OR||20131217093000|||30|Min\rAIP|2|A|8357^Rosen^Nelson|Doctor||20131217093000|||30|Min\r",
         "Name": ""
      },
      {
         "Message": "MSH|^~\\&|SIS|Long Island Jewish Medical Center|null|null|20131218105442||SIU^S12|26236|T|2.4||||||SCHEDULED\rSCH|2608229|2608229|||||^LAPAROSCOPIC APPENDECTOMY Qty: ; Rosen, Nelson G||30|Min|1^^30^20131217093000^20131217100000|8357^Rosen^Nelson||||||||5748^Nolan^Jennifer^E||||||\rPID|1||2577625||RAMOS^JUDEX^||19960518000000|Male|||^^^^^|||||||46204500\rPV1|1|O|27271^zADD-ON Peds||||8357^Rosen^Nelson|8357^Rosen^Nelson|||||||||||2608229\rRGS|1|A|2608229\rAIS|1|A|44970^LAPAROSCOPIC APPENDECTOMY^CPT4|20131217093000|||30|Min\rNTE|1||\rAIL|2|A|^27271^zADD-ON Peds^^|OR||20131217093000|||30|Min\rAIP|2|A|8357^Rosen^Nelson|Doctor||20131217093000|||30|Min\r",
         "Name": ""
      },
      {
         "Message": "MSH|^~\\&|SIS|Long Island Jewish Medical Center|null|null|20131218105940||SIU^S12|26273|T|2.4||||||SCHEDULED\rSCH|2608611|2608611|||||^LAPAROSCOPIC APPENDECTOMY Qty: ; Rosen, Nelson G||30|Min|1^^30^20131217100000^20131217103000|8357^Rosen^Nelson||||||||5748^Nolan^Jennifer^E||||||\rPID|1||2577785||HIBBS^RAMSEY^||19990916000000|Male|||^^^^^|||||||95206447\rPV1|1|O|27271^zADD-ON Peds||||8357^Rosen^Nelson|8357^Rosen^Nelson|||||||||||2608611\rRGS|1|A|2608611\rAIS|1|A|44970^LAPAROSCOPIC APPENDECTOMY^CPT4|20131217100000|||30|Min\rNTE|1||\rAIL|2|A|^27271^zADD-ON Peds^^|OR||20131217100000|||30|Min\rAIP|2|A|8357^Rosen^Nelson|Doctor||20131217100000|||30|Min\r",
         "Name": ""
      },
      {
         "Message": "MSH|^~\\&|SIS|Long Island Jewish Medical Center|null|null|20131218105940||SIU^S12|26274|T|2.4||||||SCHEDULED\rSCH|2608611|2608611|||||^LAPAROSCOPIC APPENDECTOMY Qty: ; Rosen, Nelson G||30|Min|1^^30^20131217100000^20131217103000|8357^Rosen^Nelson||||||||5748^Nolan^Jennifer^E||||||\rPID|1||2577785||HIBBS^RAMSEY^||19990916000000|Male|||^^^^^|||||||95206447\rPV1|1|O|27271^zADD-ON Peds||||8357^Rosen^Nelson|8357^Rosen^Nelson|||||||||||2608611\rRGS|1|A|2608611\rAIS|1|A|44970^LAPAROSCOPIC APPENDECTOMY^CPT4|20131217100000|||30|Min\rNTE|1||\rAIL|2|A|^27271^zADD-ON Peds^^|OR||20131217100000|||30|Min\rAIP|2|A|8357^Rosen^Nelson|Doctor||20131217100000|||30|Min\r",
         "Name": ""
      },
      {
         "Message": "MSH|^~\\&|SIS|Long Island Jewish Medical Center|null|null|20131218110619||SIU^S12|26316|T|2.4||||||SCHEDULED\rSCH|2608239|2608239|||||^SPINAL PUNCTURE LUMBAR DIAGNOSTIC Qty: ; Bhattacharya, Jyotsna||30|Min|1^^30^20131217103000^20131217110000|52192^Bhattacharya^Jyotsna||||||||5748^Nolan^Jennifer^E||||||\rPID|1||1613231||TESTA^SARA^||19970120000000|Female|||^^^^^|||||||999999999999999\rPV1|1|O|27271^zADD-ON Peds||||52192^Bhattacharya^Jyotsna|52192^Bhattacharya^Jyotsna|||||||||||2608239\rRGS|1|A|2608239\rAIS|1|A|62270^SPINAL PUNCTURE LUMBAR DIAGNOSTIC^CPT4|20131217103000|||30|Min\rNTE|1||\rAIL|2|A|^27271^zADD-ON Peds^^|OR||20131217103000|||30|Min\rAIP|2|A|52192^Bhattacharya^Jyotsna|Doctor||20131217103000|||30|Min\r",
         "Name": ""
      },
      {
         "Message": "MSH|^~\\&|SIS|Long Island Jewish Medical Center|null|null|20131218110619||SIU^S12|26317|T|2.4||||||SCHEDULED\rSCH|2608239|2608239|||||^SPINAL PUNCTURE LUMBAR DIAGNOSTIC Qty: ; Bhattacharya, Jyotsna||30|Min|1^^30^20131217103000^20131217110000|52192^Bhattacharya^Jyotsna||||||||5748^Nolan^Jennifer^E||||||\rPID|1||1613231||TESTA^SARA^||19970120000000|Female|||^^^^^|||||||999999999999999\rPV1|1|O|27271^zADD-ON Peds||||52192^Bhattacharya^Jyotsna|52192^Bhattacharya^Jyotsna|||||||||||2608239\rRGS|1|A|2608239\rAIS|1|A|62270^SPINAL PUNCTURE LUMBAR DIAGNOSTIC^CPT4|20131217103000|||30|Min\rNTE|1||\rAIL|2|A|^27271^zADD-ON Peds^^|OR||20131217103000|||30|Min\rAIP|2|A|52192^Bhattacharya^Jyotsna|Doctor||20131217103000|||30|Min\r",
         "Name": ""
      },
      {
         "Message": "MSH|^~\\&|SIS|Long Island Jewish Medical Center|null|null|20131218110815||SIU^S12|26325|T|2.4||||||SCHEDULED\rSCH|2608334|2608334|||||^LAPAROSCOPIC APPENDECTOMY Qty: ; Rosen, Nelson G||30|Min|1^^30^20131217110000^20131217113000|8357^Rosen^Nelson||||||||5748^Nolan^Jennifer^E||||||\rPID|1||LJ-1859371||VANEGAS^ABRAHAM^||20030214000000|Male|||^^^^^|||||||46204469\rPV1|1|O|27271^zADD-ON Peds||||8357^Rosen^Nelson|8357^Rosen^Nelson|||||||||||2608334\rRGS|1|A|2608334\rAIS|1|A|44970^LAPAROSCOPIC APPENDECTOMY^CPT4|20131217110000|||30|Min\rNTE|1||\rAIL|2|A|^27271^zADD-ON Peds^^|OR||20131217110000|||30|Min\rAIP|2|A|8357^Rosen^Nelson|Doctor||20131217110000|||30|Min\r",
         "Name": ""
      },
      {
         "Message": "MSH|^~\\&|SIS|Long Island Jewish Medical Center|null|null|20131218110815||SIU^S12|26326|T|2.4||||||SCHEDULED\rSCH|2608334|2608334|||||^LAPAROSCOPIC APPENDECTOMY Qty: ; Rosen, Nelson G||30|Min|1^^30^20131217110000^20131217113000|8357^Rosen^Nelson||||||||5748^Nolan^Jennifer^E||||||\rPID|1||LJ-1859371||VANEGAS^ABRAHAM^||20030214000000|Male|||^^^^^|||||||46204469\rPV1|1|O|27271^zADD-ON Peds||||8357^Rosen^Nelson|8357^Rosen^Nelson|||||||||||2608334\rRGS|1|A|2608334\rAIS|1|A|44970^LAPAROSCOPIC APPENDECTOMY^CPT4|20131217110000|||30|Min\rNTE|1||\rAIL|2|A|^27271^zADD-ON Peds^^|OR||20131217110000|||30|Min\rAIP|2|A|8357^Rosen^Nelson|Doctor||20131217110000|||30|Min\r",
         "Name": ""
      },
      {
         "Message": "MSH|^~\\&|SIS|Long Island Jewish Medical Center|null|null|20131219095617||SIU^S12|28712|T|2.4||||||SCHEDULED\rSCH|2609453|2609453|||||^I&D DEEP ABSC/HMTMA SOFT TISSUE NECK/THORAX Qty: ; Smith, Lee P||30|Min|1^^30^20131218080000^20131218083000|13319^Smith^Lee||||||||5748^Nolan^Jennifer^E||||||\rPID|1||LJ-2576423||LEARNED^ALEXANDRA^||20090426000000|Female|||^^^^^|||||||LJ-46204540\rPV1|1|O|27271^zADD-ON Peds||||13319^Smith^Lee|13319^Smith^Lee|||||||||||2609453\rRGS|1|A|2609453\rAIS|1|A|21501^I and D DEEP ABSC/HMTMA SOFT TISSUE NECK/THORAX^CPT4|20131218080000|||30|Min\rNTE|1||\rAIL|2|A|^27271^zADD-ON Peds^^|OR||20131218080000|||30|Min\rAIP|2|A|13319^Smith^Lee|Doctor||20131218080000|||30|Min\r",
         "Name": ""
      },
      {
         "Message": "MSH|^~\\&|SIS|Long Island Jewish Medical Center|null|null|20131219095618||SIU^S12|28713|T|2.4||||||SCHEDULED\rSCH|2609453|2609453|||||^I&D DEEP ABSC/HMTMA SOFT TISSUE NECK/THORAX Qty: ; Smith, Lee P||30|Min|1^^30^20131218080000^20131218083000|13319^Smith^Lee||||||||5748^Nolan^Jennifer^E||||||\rPID|1||LJ-2576423||LEARNED^ALEXANDRA^||20090426000000|Female|||^^^^^|||||||LJ-46204540\rPV1|1|O|27271^zADD-ON Peds||||13319^Smith^Lee|13319^Smith^Lee|||||||||||2609453\rRGS|1|A|2609453\rAIS|1|A|21501^I and D DEEP ABSC/HMTMA SOFT TISSUE NECK/THORAX^CPT4|20131218080000|||30|Min\rNTE|1||\rAIL|2|A|^27271^zADD-ON Peds^^|OR||20131218080000|||30|Min\rAIP|2|A|13319^Smith^Lee|Doctor||20131218080000|||30|Min\r",
         "Name": ""
      },
      {
         "Message": "MSH|^~\\&|SIS|Long Island Jewish Medical Center|null|null|20131219095720||SIU^S12|28714|T|2.4||||||SCHEDULED\rSCH|2609079|2609079|||||^INSJ TUNNELED CTR VAD W/SUBQ PORT UNDER 5 YR Qty: ; Rosen, Nelson G||30|Min|1^^30^20131218083000^20131218090000|8357^Rosen^Nelson||||||||5748^Nolan^Jennifer^E||||||\rPID|1||LJ-2548674||KAUR^BALJIT^||20130413000000|Female|||^^^^^|||||||LJ-46204098\rPV1|1|O|27271^zADD-ON Peds||||8357^Rosen^Nelson|8357^Rosen^Nelson|||||||||||2609079\rRGS|1|A|2609079\rAIS|1|A|36560^INSJ TUNNELED CTR VAD W/SUBQ PORT UNDER 5 YR^CPT4|20131218083000|||30|Min\rNTE|1||\rAIL|2|A|^27271^zADD-ON Peds^^|OR||20131218083000|||30|Min\rAIP|2|A|8357^Rosen^Nelson|Doctor||20131218083000|||30|Min\r",
         "Name": ""
      },
      {
         "Message": "MSH|^~\\&|SIS|Long Island Jewish Medical Center|null|null|20131219095720||SIU^S12|28715|T|2.4||||||SCHEDULED\rSCH|2609079|2609079|||||^INSJ TUNNELED CTR VAD W/SUBQ PORT UNDER 5 YR Qty: ; Rosen, Nelson G||30|Min|1^^30^20131218083000^20131218090000|8357^Rosen^Nelson||||||||5748^Nolan^Jennifer^E||||||\rPID|1||LJ-2548674||KAUR^BALJIT^||20130413000000|Female|||^^^^^|||||||LJ-46204098\rPV1|1|O|27271^zADD-ON Peds||||8357^Rosen^Nelson|8357^Rosen^Nelson|||||||||||2609079\rRGS|1|A|2609079\rAIS|1|A|36560^INSJ TUNNELED CTR VAD W/SUBQ PORT UNDER 5 YR^CPT4|20131218083000|||30|Min\rNTE|1||\rAIL|2|A|^27271^zADD-ON Peds^^|OR||20131218083000|||30|Min\rAIP|2|A|8357^Rosen^Nelson|Doctor||20131218083000|||30|Min\r",
         "Name": ""
      },
      {
         "Message": "MSH|^~\\&|SIS|Long Island Jewish Medical Center|null|null|20131219095807||SIU^S12|28716|T|2.4||||||SCHEDULED\rSCH|2609507|2609507|||||^ADJT TIS TRNSFR/REARGMT DEFEC EA ADDL 30 SQCM/< - Location:   Left Qty: ; Kwo, Sophia H||30|Min|1^^30^20131218090000^20131218093000|14482^Kwo^Sophia||||||||5748^Nolan^Jennifer^E||||||\rPID|1||2577056||GLASSMAN^BENJAMIN^||20080110000000|Male|||^^^^^|||||||46204378\rPV1|1|O|27271^zADD-ON Peds||||14482^Kwo^Sophia|14482^Kwo^Sophia|||||||||||2609507\rRGS|1|A|2609507\rAIS|1|A|14302^ADJT TIS TRNSFR/REARGMT DEFEC EA ADDL 30 SQCM/<^CPT4|20131218090000|||30|Min\rNTE|1||\rAIL|2|A|^27271^zADD-ON Peds^^|OR||20131218090000|||30|Min\rAIP|2|A|14482^Kwo^Sophia|Doctor||20131218090000|||30|Min\r",
         "Name": ""
      },
      {
         "Message": "MSH|^~\\&|SIS|Long Island Jewish Medical Center|null|null|20131219095807||SIU^S12|28717|T|2.4||||||SCHEDULED\rSCH|2609507|2609507|||||^ADJT TIS TRNSFR/REARGMT DEFEC EA ADDL 30 SQCM/< - Location:   Left Qty: ; Kwo, Sophia H||30|Min|1^^30^20131218090000^20131218093000|14482^Kwo^Sophia||||||||5748^Nolan^Jennifer^E||||||\rPID|1||2577056||GLASSMAN^BENJAMIN^||20080110000000|Male|||^^^^^|||||||46204378\rPV1|1|O|27271^zADD-ON Peds||||14482^Kwo^Sophia|14482^Kwo^Sophia|||||||||||2609507\rRGS|1|A|2609507\rAIS|1|A|14302^ADJT TIS TRNSFR/REARGMT DEFEC EA ADDL 30 SQCM/<^CPT4|20131218090000|||30|Min\rNTE|1||\rAIL|2|A|^27271^zADD-ON Peds^^|OR||20131218090000|||30|Min\rAIP|2|A|14482^Kwo^Sophia|Doctor||20131218090000|||30|Min\r",
         "Name": ""
      },
      {
         "Message": "MSH|^~\\&|SIS|Long Island Jewish Medical Center|null|null|20131219095911||SIU^S12|28722|T|2.4||||||SCHEDULED\rSCH|2609324|2609324|||||^INSJ PRPH CTR VAD W/SUBQ PORT UNDER 5 YR Qty: ; Rosen, Nelson G||30|Min|1^^30^20131218093000^20131218100000|8357^Rosen^Nelson||||||||5748^Nolan^Jennifer^E||||||\rPID|1||LJ-2577752||GAVILANEZ^ABRAHAM^||20120706000000|Male|||^^^^^|||||||LJ-46204518\rPV1|1|O|27271^zADD-ON Peds||||8357^Rosen^Nelson|8357^Rosen^Nelson|||||||||||2609324\rRGS|1|A|2609324\rAIS|1|A|36570^INSJ PRPH CTR VAD W/SUBQ PORT UNDER 5 YR^CPT4|20131218093000|||30|Min\rNTE|1||\rAIL|2|A|^27271^zADD-ON Peds^^|OR||20131218093000|||30|Min\rAIP|2|A|8357^Rosen^Nelson|Doctor||20131218093000|||30|Min\r",
         "Name": ""
      },
      {
         "Message": "MSH|^~\\&|SIS|Long Island Jewish Medical Center|null|null|20131219095912||SIU^S12|28723|T|2.4||||||SCHEDULED\rSCH|2609324|2609324|||||^INSJ PRPH CTR VAD W/SUBQ PORT UNDER 5 YR Qty: ; Rosen, Nelson G||30|Min|1^^30^20131218093000^20131218100000|8357^Rosen^Nelson||||||||5748^Nolan^Jennifer^E||||||\rPID|1||LJ-2577752||GAVILANEZ^ABRAHAM^||20120706000000|Male|||^^^^^|||||||LJ-46204518\rPV1|1|O|27271^zADD-ON Peds||||8357^Rosen^Nelson|8357^Rosen^Nelson|||||||||||2609324\rRGS|1|A|2609324\rAIS|1|A|36570^INSJ PRPH CTR VAD W/SUBQ PORT UNDER 5 YR^CPT4|20131218093000|||30|Min\rNTE|1||\rAIL|2|A|^27271^zADD-ON Peds^^|OR||20131218093000|||30|Min\rAIP|2|A|8357^Rosen^Nelson|Doctor||20131218093000|||30|Min\r",
         "Name": ""
      },
      {
         "Message": "MSH|^~\\&|SIS|Long Island Jewish Medical Center|null|null|20131219100134||SIU^S12|28751|T|2.4||||||SCHEDULED\rSCH|2609075|2609075|||||^DEBRIDEMENT BONE MUSCLE &/FASCIA 20 SQ CM/< - Location:   Left NECK Qty: ; Hong, Andrew R||30|Min|1^^30^20131218100000^20131218103000|2235^Hong^Andrew||||||||5748^Nolan^Jennifer^E||||||\rPID|1||LJ-2578013||TORRES^KAYLANI^||20121024000000|Female|||^^^^^|||||||LJ-46204570\rPV1|1|O|27271^zADD-ON Peds||||2235^Hong^Andrew|2235^Hong^Andrew|||||||||||2609075\rRGS|1|A|2609075\rAIS|1|A|11044^DEBRIDEMENT BONE MUSCLE  and /FASCIA 20 SQ CM/<^CPT4|20131218100000|||30|Min\rNTE|1||\rAIL|2|A|^27271^zADD-ON Peds^^|OR||20131218100000|||30|Min\rAIP|2|A|2235^Hong^Andrew|Doctor||20131218100000|||30|Min\r",
         "Name": ""
      },
      {
         "Message": "MSH|^~\\&|SIS|Long Island Jewish Medical Center|null|null|20131219100134||SIU^S12|28752|T|2.4||||||SCHEDULED\rSCH|2609075|2609075|||||^DEBRIDEMENT BONE MUSCLE &/FASCIA 20 SQ CM/< - Location:   Left NECK Qty: ; Hong, Andrew R||30|Min|1^^30^20131218100000^20131218103000|2235^Hong^Andrew||||||||5748^Nolan^Jennifer^E||||||\rPID|1||LJ-2578013||TORRES^KAYLANI^||20121024000000|Female|||^^^^^|||||||LJ-46204570\rPV1|1|O|27271^zADD-ON Peds||||2235^Hong^Andrew|2235^Hong^Andrew|||||||||||2609075\rRGS|1|A|2609075\rAIS|1|A|11044^DEBRIDEMENT BONE MUSCLE  and /FASCIA 20 SQ CM/<^CPT4|20131218100000|||30|Min\rNTE|1||\rAIL|2|A|^27271^zADD-ON Peds^^|OR||20131218100000|||30|Min\rAIP|2|A|2235^Hong^Andrew|Doctor||20131218100000|||30|Min\r",
         "Name": ""
      },
      {
         "Message": "MSH|^~\\&|SIS|Long Island Jewish Medical Center|null|null|20131219100235||SIU^S12|28759|T|2.4||||||SCHEDULED\rSCH|2609511|2609511|||||^BRNCHSC INCL FLUOR GID DX W/CELL WASHG SPX Qty: ; Fiorino, Elizabeth K||30|Min|1^^30^20131218103000^20131218110000|26792^Fiorino^Elizabeth||||||||5748^Nolan^Jennifer^E||||||\rPID|1||LJ-2577984||CEPEDA^XAVIER^||20120329000000|Male|||^^^^^|||||||LJ-46204559\rPV1|1|O|27271^zADD-ON Peds||||26792^Fiorino^Elizabeth|26792^Fiorino^Elizabeth|||||||||||2609511\rRGS|1|A|2609511\rAIS|1|A|31622^BRNCHSC INCL FLUOR GID DX W/CELL WASHG SPX^CPT4|20131218103000|||30|Min\rNTE|1||\rAIL|2|A|^27271^zADD-ON Peds^^|OR||20131218103000|||30|Min\rAIP|2|A|26792^Fiorino^Elizabeth|Doctor||20131218103000|||30|Min\r",
         "Name": ""
      },
      {
         "Message": "MSH|^~\\&|SIS|Long Island Jewish Medical Center|null|null|20131219100235||SIU^S12|28760|T|2.4||||||SCHEDULED\rSCH|2609511|2609511|||||^BRNCHSC INCL FLUOR GID DX W/CELL WASHG SPX Qty: ; Fiorino, Elizabeth K||30|Min|1^^30^20131218103000^20131218110000|26792^Fiorino^Elizabeth||||||||5748^Nolan^Jennifer^E||||||\rPID|1||LJ-2577984||CEPEDA^XAVIER^||20120329000000|Male|||^^^^^|||||||LJ-46204559\rPV1|1|O|27271^zADD-ON Peds||||26792^Fiorino^Elizabeth|26792^Fiorino^Elizabeth|||||||||||2609511\rRGS|1|A|2609511\rAIS|1|A|31622^BRNCHSC INCL FLUOR GID DX W/CELL WASHG SPX^CPT4|20131218103000|||30|Min\rNTE|1||\rAIL|2|A|^27271^zADD-ON Peds^^|OR||20131218103000|||30|Min\rAIP|2|A|26792^Fiorino^Elizabeth|Doctor||20131218103000|||30|Min\r",
         "Name": ""
      },
      {
         "Message": "MSH|^~\\&|SIS|Long Island Jewish Medical Center|null|null|20131220100341||SIU^S12|31721|T|2.4||||||SCHEDULED\rSCH|2609778|2609778|||||^UNLISTED LAPAROSCOPIC PROCEDURE STOMACH Qty: ; Rosen, Nelson G||30|Min|1^^30^20131219080000^20131219083000|8357^Rosen^Nelson||||||||5748^Nolan^Jennifer^E||||||\rPID|1||2578011||BARD^DYLAN^||20131119000000|Male|||^^^^^|||||||46204576\rPV1|1|O|27271^zADD-ON Peds||||8357^Rosen^Nelson|8357^Rosen^Nelson|||||||||||2609778\rRGS|1|A|2609778\rAIS|1|A|43659^UNLISTED LAPAROSCOPIC PROCEDURE STOMACH^CPT4|20131219080000|||30|Min\rNTE|1||\rAIL|2|A|^27271^zADD-ON Peds^^|OR||20131219080000|||30|Min\rAIP|2|A|8357^Rosen^Nelson|Doctor||20131219080000|||30|Min\r",
         "Name": ""
      },
      {
         "Message": "MSH|^~\\&|SIS|Long Island Jewish Medical Center|null|null|20131220100342||SIU^S12|31722|T|2.4||||||SCHEDULED\rSCH|2609778|2609778|||||^UNLISTED LAPAROSCOPIC PROCEDURE STOMACH Qty: ; Rosen, Nelson G||30|Min|1^^30^20131219080000^20131219083000|8357^Rosen^Nelson||||||||5748^Nolan^Jennifer^E||||||\rPID|1||2578011||BARD^DYLAN^||20131119000000|Male|||^^^^^|||||||46204576\rPV1|1|O|27271^zADD-ON Peds||||8357^Rosen^Nelson|8357^Rosen^Nelson|||||||||||2609778\rRGS|1|A|2609778\rAIS|1|A|43659^UNLISTED LAPAROSCOPIC PROCEDURE STOMACH^CPT4|20131219080000|||30|Min\rNTE|1||\rAIL|2|A|^27271^zADD-ON Peds^^|OR||20131219080000|||30|Min\rAIP|2|A|8357^Rosen^Nelson|Doctor||20131219080000|||30|Min\r",
         "Name": ""
      },
      {
         "Message": "MSH|^~\\&|SIS|Long Island Jewish Medical Center|null|null|20131220100442||SIU^S12|31729|T|2.4||||||SCHEDULED\rSCH|2609897|2609897|||||^UNLISTED LAPAROSCOPIC PROCEDURE STOMACH Qty: ; Rosen, Nelson G||30|Min|1^^30^20131219083000^20131219090000|8357^Rosen^Nelson||||||||5748^Nolan^Jennifer^E||||||\rPID|1||2559757||HAGGINS^BRYCE^||20130928000000|Male|||^^^^^|||||||46204568\rPV1|1|O|27271^zADD-ON Peds||||8357^Rosen^Nelson|8357^Rosen^Nelson|||||||||||2609897\rRGS|1|A|2609897\rAIS|1|A|43659^UNLISTED LAPAROSCOPIC PROCEDURE STOMACH^CPT4|20131219083000|||30|Min\rNTE|1||\rAIL|2|A|^27271^zADD-ON Peds^^|OR||20131219083000|||30|Min\rAIP|2|A|8357^Rosen^Nelson|Doctor||20131219083000|||30|Min\r",
         "Name": ""
      },
      {
         "Message": "MSH|^~\\&|SIS|Long Island Jewish Medical Center|null|null|20131220100442||SIU^S12|31730|T|2.4||||||SCHEDULED\rSCH|2609897|2609897|||||^UNLISTED LAPAROSCOPIC PROCEDURE STOMACH Qty: ; Rosen, Nelson G||30|Min|1^^30^20131219083000^20131219090000|8357^Rosen^Nelson||||||||5748^Nolan^Jennifer^E||||||\rPID|1||2559757||HAGGINS^BRYCE^||20130928000000|Male|||^^^^^|||||||46204568\rPV1|1|O|27271^zADD-ON Peds||||8357^Rosen^Nelson|8357^Rosen^Nelson|||||||||||2609897\rRGS|1|A|2609897\rAIS|1|A|43659^UNLISTED LAPAROSCOPIC PROCEDURE STOMACH^CPT4|20131219083000|||30|Min\rNTE|1||\rAIL|2|A|^27271^zADD-ON Peds^^|OR||20131219083000|||30|Min\rAIP|2|A|8357^Rosen^Nelson|Doctor||20131219083000|||30|Min\r",
         "Name": ""
      },
      {
         "Message": "MSH|^~\\&|SIS|Long Island Jewish Medical Center|null|null|20131220100553||SIU^S12|31733|T|2.4||||||SCHEDULED\rSCH|2609716|2609716|||||^LAPAROSCOPIC APPENDECTOMY Qty: ; Rosen, Nelson G||30|Min|1^^30^20131219090000^20131219093000|8357^Rosen^Nelson||||||||5748^Nolan^Jennifer^E||||||\rPID|1||2578281||PYLARINOS^GREGORY^||19970313000000|Male|||^^^^^|||||||46204631\rPV1|1|O|27271^zADD-ON Peds||||8357^Rosen^Nelson|8357^Rosen^Nelson|||||||||||2609716\rRGS|1|A|2609716\rAIS|1|A|44970^LAPAROSCOPIC APPENDECTOMY^CPT4|20131219090000|||30|Min\rNTE|1||\rAIL|2|A|^27271^zADD-ON Peds^^|OR||20131219090000|||30|Min\rAIP|2|A|8357^Rosen^Nelson|Doctor||20131219090000|||30|Min\r",
         "Name": ""
      },
      {
         "Message": "MSH|^~\\&|SIS|Long Island Jewish Medical Center|null|null|20131220100553||SIU^S12|31734|T|2.4||||||SCHEDULED\rSCH|2609716|2609716|||||^LAPAROSCOPIC APPENDECTOMY Qty: ; Rosen, Nelson G||30|Min|1^^30^20131219090000^20131219093000|8357^Rosen^Nelson||||||||5748^Nolan^Jennifer^E||||||\rPID|1||2578281||PYLARINOS^GREGORY^||19970313000000|Male|||^^^^^|||||||46204631\rPV1|1|O|27271^zADD-ON Peds||||8357^Rosen^Nelson|8357^Rosen^Nelson|||||||||||2609716\rRGS|1|A|2609716\rAIS|1|A|44970^LAPAROSCOPIC APPENDECTOMY^CPT4|20131219090000|||30|Min\rNTE|1||\rAIL|2|A|^27271^zADD-ON Peds^^|OR||20131219090000|||30|Min\rAIP|2|A|8357^Rosen^Nelson|Doctor||20131219090000|||30|Min\r",
         "Name": ""
      },
      {
         "Message": "MSH|^~\\&|SIS|Long Island Jewish Medical Center|null|null|20131220100659||SIU^S12|31742|T|2.4||||||SCHEDULED\rSCH|2610129|2610129|||||^UPPER GI ENDOSCOPY SIMPLE EXAMINATION Qty: ; Markowitz, James F||30|Min|1^^30^20131219093000^20131219100000|3645^Markowitz^James||||||||5748^Nolan^Jennifer^E||||||\rPID|1||LJ-1613231||TESTA^SARA^||19970120000000|Female|||^^^^^|||||||46204276\rPV1|1|O|27271^zADD-ON Peds||||3645^Markowitz^James|3645^Markowitz^James|||||||||||2610129\rRGS|1|A|2610129\rAIS|1|A|43234^UPPER GI ENDOSCOPY SIMPLE EXAMINATION^CPT4|20131219093000|||30|Min\rNTE|1||\rAIL|2|A|^27271^zADD-ON Peds^^|OR||20131219093000|||30|Min\rAIP|2|A|3645^Markowitz^James|Doctor||20131219093000|||30|Min\r",
         "Name": ""
      },
      {
         "Message": "MSH|^~\\&|SIS|Long Island Jewish Medical Center|null|null|20131220100659||SIU^S12|31743|T|2.4||||||SCHEDULED\rSCH|2610129|2610129|||||^UPPER GI ENDOSCOPY SIMPLE EXAMINATION Qty: ; Markowitz, James F||30|Min|1^^30^20131219093000^20131219100000|3645^Markowitz^James||||||||5748^Nolan^Jennifer^E||||||\rPID|1||LJ-1613231||TESTA^SARA^||19970120000000|Female|||^^^^^|||||||46204276\rPV1|1|O|27271^zADD-ON Peds||||3645^Markowitz^James|3645^Markowitz^James|||||||||||2610129\rRGS|1|A|2610129\rAIS|1|A|43234^UPPER GI ENDOSCOPY SIMPLE EXAMINATION^CPT4|20131219093000|||30|Min\rNTE|1||\rAIL|2|A|^27271^zADD-ON Peds^^|OR||20131219093000|||30|Min\rAIP|2|A|3645^Markowitz^James|Doctor||20131219093000|||30|Min\r",
         "Name": ""
      },
      {
         "Message": "MSH|^~\\&|SIS|Long Island Jewish Medical Center|null|null|20131220100659||SIU^S12|31743|T|2.4||||||SCHEDULED\rSCH|2610129|2610129|||||^UPPER GI ENDOSCOPY SIMPLE EXAMINATION Qty: ; Markowitz, James F||30|Min|1^^30^20131219093000^20131219100000|3645^Markowitz^James||||||||5748^Nolan^Jennifer^E||||||\rPID|1||LJ-1613231||TESTA^SARA^||19970120000000|Female|||^^^^^|||||||46204276\rPV1|1|O|27271^zADD-ON Peds||||3645^Markowitz^James|3645^Markowitz^James|||||||||||2610129\rRGS|1|A|2610129\rAIS|1|A|43234^UPPER GI ENDOSCOPY SIMPLE EXAMINATION^CPT4|20131219093000|||30|Min\rNTE|1||\rAIL|2|A|^27271^zADD-ON Peds^^|OR||20131219093000|||30|Min\rAIP|2|A|3645^Markowitz^James|Doctor||20131219093000|||30|Min\r",
         "Name": ""
      }
   ]
}