{
   "Samples": [
      {
         "Message": "MSH|^~\\&|Ormed|Cornwall Community Hospital / Hopital communautaire de Cornwall|Picis|Picis|20131022075810||CDM|41569286910000183239||2.3|||||||\rMFI|CDM|||20131022075714||\rCD1||BAG SPECIMEN TRANSPORT|57610664|BAG SPECIMEN TRANSPORT||57610664SSSTORES|46060||||Y||||Y||||SSSTORES^Cornwall Community Hospital / Hopital communautaire de Cornwall|\rCD2||||PK|100|||||||||130360^MEDICAL MART SUPPLIES LTD|831-48-97|4.6130||||||||||||||CA|1000||||60\rCD3|||||13-S02-C||||||54|0|0|||||||30||||||||||\rZPN|||",
         "Name": ""
      },
      {
         "Message": "MSH|^~\\&|Ormed|Cornwall Community Hospital / Hopital communautaire de Cornwall|Picis|Picis|20131022082828||CDM|41569305080000183298||2.3|||||||\rMFI|CDM|||20131022082731||\rCD1||PAD, DEFIBRILLATOR, ADULT FOR LI|57611721|PAD, DEFIBRILLATOR, ADULT FOR LI||57611721SSSTORES|46060||||N||||Y||||SSSTORES^Cornwall Community Hospital / Hopital communautaire de Cornwall|\rCD2||||PK|2|||||||MEDI-TRACE|22550A|200056^COVIDIEN|22550A|29.5000||||||||||||||CA|20||||20\rCD3|||||11-S03-B||||||10|0|0|||||||10||||||||||\rZPN|||",
         "Name": ""
      },
      {
         "Message": "MSH|^~\\&|Ormed|Cornwall Community Hospital / Hopital communautaire de Cornwall|Picis|Picis|20131104090944||CDM|41582329840000198042||2.3|||||||\rMFI|CDM|||20131101150519||\rCD1||SURGICEL FIBRILLAR 2\" X 4\"|NI00350|SURGICEL FIBRILLAR 2\" X 4\"||NI00350|46060||||Y||||Y||||^Cornwall Community Hospital / Hopital communautaire de Cornwall|\rCD2||||CS|10||||||||ET1962|100003^JOHNSON & JOHNSON MED. PRODUCTS|ET1962|1369.5200||||||||||||||CS|10||||0\rCD3|||||||||||0|0|0|||||||0||||||||||\rZPN|||\r",
         "Name": ""
      },
      {
         "Message": "MSH|^~\\&|Ormed|Cornwall Community Hospital / Hopital communautaire de Cornwall|Picis|Picis|20131104093316||CDM|41582343970000207028||2.3|||||||\rMFI|CDM|||20131101150519||\rCD1||ENDOTRACHEAL TUBE SZ 4.0|NI20736|ENDOTRACHEAL TUBE SZ 4.0||NI20736|46060||||Y||||Y||||^Cornwall Community Hospital / Hopital communautaire de Cornwall|\rCD2||||BX|10||||||||111781040|160036^TELEFLEX MEDICAL L.P.|111781040|66.2100||||||||||||||BX|10||||0\rCD3|||||||||||0|0|0|||||||0||||||||||\rZPN|||",
         "Name": ""
      },
      {
         "Message": "MSH|^~\\&|Ormed|Cornwall Community Hospital / Hopital communautaire de Cornwall|Picis|Picis|20131108104737||CDM|41586388570000211269||2.3|||||||\rMFI|CDM|||20131108104700||\rCD1||BRIEFS ADULT X-LARGE EXTRA|43280052|BRIEFS ADULT X-LARGE EXTRA||43280052SSSTORES|42500||||Y||||Y||||SSSTORES^Cornwall Community Hospital / Hopital communautaire de Cornwall|\rCD2||||PK|20|||||||||130360^MEDICAL MART SUPPLIES LTD|767-BRBX40|13.3333||||||||||||||CA|60||||45\rCD3|||||24 WALL||||||37|0|9|||||||35||||||||||\rZPN|||\r",
         "Name": ""
      },
      {
         "Message": "MSH|^~\\&|Ormed|Cornwall Community Hospital / Hopital communautaire de Cornwall|Picis|Picis|20131111134734||CDM|41589496540000211731||2.3|||||||\rMFI|CDM|||20131111102714||\rCD1||FORM DAY SURGERY POSTOP  PK/100|40421018|FORM DAY SURGERY POSTOP  PK/100||40421018SSSTORES|41010||||Y||||Y||||SSSTORES^Cornwall Community Hospital / Hopital communautaire de Cornwall|\rCD2||||PK|100|||||||||11700^ASTRO PRINTING SERVICE|40421018|10.6929||||||||||||||PK|100||||60\rCD3|||||30-S02-A||||||64|0|0|||||||20||||||||||\rZPN|||\r",
         "Name": ""
      },
      {
         "Message": "MSH|^~\\&|Ormed|Cornwall Community Hospital / Hopital communautaire de Cornwall|Picis|Picis|20131111134734||CDM|41589496550000211734||2.3|||||||\rMFI|CDM|||20131111102716||\rCD1||ENVELOPE KRAFT 5 3/4X9.5 PK/500|40620307|ENVELOPE KRAFT 5 3/4X9.5 PK/500||40620307SSSTORES|41020||||Y||||Y||||SSSTORES^Cornwall Community Hospital / Hopital communautaire de Cornwall|\rCD2||||EA|1|||||||||71200^GRAND & TOY|99393|.0595||||||||||||||BX|500||||850\rCD3|||||30-S02-B||||||704|0|0|||||||350||||||||||\rZPN|||\r",
         "Name": ""
      },
      {
         "Message": "MSH|^~\\&|Ormed|Cornwall Community Hospital / Hopital communautaire de Cornwall|Picis|Picis|20131118080732||CDM|41596292530000225733||2.3|||||||\rMFI|CDM|||20131118072730||\rCD1||RAPICIDE PA HIGH LEVEL DISINFECT|57610263|RAPICIDE PA HIGH LEVEL DISINFECT||57610263SSSTORES|46060||||Y||||Y||||SSSTORES^Cornwall Community Hospital / Hopital communautaire de Cornwall|\rCD2||||EA|1|||||||||500537^VANTAGE ENDOSCOPY INC.|ML02-0116|66.9050|||||||||||||||||||28\rCD3|||||12-S02-C||||||28|0|0|||||||20||||||||||\rZPN|||\r",
         "Name": ""
      },
      {
         "Message": "MSH|^~\\&|Ormed|Cornwall Community Hospital / Hopital communautaire de Cornwall|Picis|Picis|20131113112026||CDM|41591408260000215475||2.3|||||||\rMFI|CDM|||20131113111208||\rCD1||MARKER, ENDOSCOPIC (SPOT)|NI00348|MARKER, ENDOSCOPIC (SPOT)||NI00348|46060||||Y||||Y||||^Cornwall Community Hospital / Hopital communautaire de Cornwall|\rCD2||||BX|10|||||||||90046^INSTRUMED SURGICAL|GIS-44|325.0000||||||||||||||BX|10||||0\rCD3|||||||||||0|0|0|||||||0||||||||||\rZPN|||\r",
         "Name": ""
      },
      {
         "Message": "MSH|^~\\&|Ormed|Cornwall Community Hospital / Hopital communautaire de Cornwall|Picis|Picis|20131113113639||CDM|41591417990000221866||2.3|||||||\rMFI|CDM|||20131113111208||\rCD1||SOLUTION JB2024 KCL 20ML IN LACT|60610632|SOLUTION JB2024 KCL 20ML IN LACT||60610632MCSTORES|46341||||Y||||Y||||MCSTORES^Cornwall Community Hospital / Hopital communautaire de Cornwall|\rCD2||||EA|1|||||||||20201^BAXTER  CANADA - CA|JB2024|3.0592||||||||||||||CA|12||||48\rCD3|||||IV-S01-B||||||25|0|0|||||||24||||||||||\rZPN|||\r",
         "Name": ""
      },
      {
         "Message": "MSH|^~\\&|Ormed|Cornwall Community Hospital / Hopital communautaire de Cornwall|Picis|Picis|20131113113658||CDM|41591418180000221990||2.3|||||||\rMFI|CDM|||20131113111208||\rCD1||TRAUMA SMARTMIX TOWER CARTRIDGE|CON05548|TRAUMA SMARTMIX TOWER CARTRIDGE||CON05548|46029||||Y||||Y||||^Cornwall Community Hospital / Hopital communautaire de Cornwall|\rCD2||||PK|6|||||||DEPUY|540198000|100003^JOHNSON & JOHNSON MED. PRODUCTS|540198000|700.0000||||||||||||||PK|6||||0\rCD3|||||||||||0|0|0|||||||0||||||||||\rZPN|||\r",
         "Name": ""
      }
   ]
}