{
   "Samples": [
      {
         "Message": "[\n   {\n      \"DeptCode\": \"4AB\",\n      \"Room\": \"4109\",\n      \"Qte\": \"1\",\n      \"CostCenter\": \"WMH.LD4AB1\",\n      \"ProductCode\": \"6061600\",\n      \"BinLocation\": \"AA.2.1.P\"\n   },\n   {\n      \"DeptCode\": \"4AB\",\n      \"Room\": \"4109\",\n      \"Qte\": \"3\",\n      \"CostCenter\": \"WMH.LD4AB1\",\n      \"ProductCode\": \"6070378\",\n      \"BinLocation\": \"AB.8.4.P\"\n   },\n   {\n      \"DeptCode\": \"4AB\",\n      \"Room\": \"4109\",\n      \"Qte\": 0,\n      \"CostCenter\": \"WMH.LD4AB1\",\n      \"ProductCode\": \"6062352\",\n      \"BinLocation\": \"PROCESSED\"\n   },\n   {\n      \"DeptCode\": \"4AB\",\n      \"Room\": \"4109\",\n      \"Qte\": \"2\",\n      \"CostCenter\": \"WMH.LD4AB1\",\n      \"ProductCode\": \"6062352\",\n      \"BinLocation\": \"DISCARDED\"\n   },\n   {\n      \"DeptCode\": \"4AB\",\n      \"Room\": \"4109\",\n      \"Qte\": \"8\",\n      \"CostCenter\": \"WMH.LD4AB1\",\n      \"ProductCode\": \"6071705\",\n      \"BinLocation\": \"AD.10.1.P\"\n   },\n   {\n      \"DeptCode\": \"4AB\",\n      \"Room\": \"4109\",\n      \"Qte\": \"3\",\n      \"CostCenter\": \"WMH.LD4AB1\",\n      \"ProductCode\": \"1515300\",\n      \"BinLocation\": \"AD.12.1.P\"\n   },\n   {\n      \"DeptCode\": \"4AB\",\n      \"Room\": \"4109\",\n      \"Qte\": \"4\",\n      \"CostCenter\": \"WMH.LD4AB1\",\n      \"ProductCode\": \"1510005\",\n      \"BinLocation\": \"AC.16.1.S\"\n   },\n   {\n      \"DeptCode\": \"4AB\",\n      \"Room\": \"4109\",\n      \"Qte\": \"1\",\n      \"CostCenter\": \"WMH.LD4AB1\",\n      \"ProductCode\": \"2512015\",\n      \"BinLocation\": \"AC.14.3.S\"\n   },\n   {\n      \"DeptCode\": \"4AB\",\n      \"Room\": \"4109\",\n      \"Qte\": 0,\n      \"CostCenter\": \"WMH.LD4AB1\",\n      \"ProductCode\": \"6068100\",\n      \"BinLocation\": \"PROCESSED\"\n   },\n   {\n      \"DeptCode\": \"4AB\",\n      \"Room\": \"4109\",\n      \"Qte\": \"1\",\n      \"CostCenter\": \"WMH.LD4AB1\",\n      \"ProductCode\": \"6068100\",\n      \"BinLocation\": \"DISCARDED\"\n   },\n   {\n      \"DeptCode\": \"4AB\",\n      \"Room\": \"4109\",\n      \"Qte\": \"2\",\n      \"CostCenter\": \"WMH.LD4AB1\",\n      \"ProductCode\": \"6068095\",\n      \"BinLocation\": \"AI.14.2.P\"\n   },\n   {\n      \"DeptCode\": \"4AB\",\n      \"Room\": \"4109\",\n      \"Qte\": \"3\",\n      \"CostCenter\": \"WMH.LD4AB1\",\n      \"ProductCode\": \"6068250\",\n      \"BinLocation\": \"AJ.12.1.P\"\n   },\n   {\n      \"DeptCode\": \"4AB\",\n      \"Room\": \"4109\",\n      \"Qte\": \"2\",\n      \"CostCenter\": \"WMH.LD4AB1\",\n      \"ProductCode\": \"6070244\",\n      \"BinLocation\": \"AD.8.1.P\"\n   },\n   {\n      \"DeptCode\": \"4AB\",\n      \"Room\": \"4109\",\n      \"Qte\": \"4\",\n      \"CostCenter\": \"WMH.LD4AB1\",\n      \"ProductCode\": \"6065032\",\n      \"BinLocation\": \"AE.8.1.P\"\n   },\n   {\n      \"DeptCode\": \"4AB\",\n      \"Room\": \"4109\",\n      \"Qte\": \"2\",\n      \"CostCenter\": \"WMH.LD4AB1\",\n      \"ProductCode\": \"6062104\",\n      \"BinLocation\": \"AG.6.1.P\"\n   },\n   {\n      \"DeptCode\": \"4AB\",\n      \"Room\": \"4109\",\n      \"Qte\": \"2\",\n      \"CostCenter\": \"WMH.LD4AB1\",\n      \"ProductCode\": \"6062292\",\n      \"BinLocation\": \"AF.8.3.S\"\n   },\n   {\n      \"DeptCode\": \"4AB\",\n      \"Room\": \"4109\",\n      \"Qte\": \"1\",\n      \"CostCenter\": \"WMH.LD4AB1\",\n      \"ProductCode\": \"6061957\",\n      \"BinLocation\": \"AB.4.2.P\"\n   }\n]",
         "Name": ""
      },
      {
         "Message": "[\n   \n]",
         "Name": ""
      }
   ]
}