{
   "Samples": [
      {
         "Message": "MSH|^~\\&|HEMM|MUNSON|LOGI-D||201306201407||MFN^MUP|1371751753|P|2.2||||||\nZIT|MEDTRN^CONSULTAMMAM\nCONSUL^23870.0000|1||\"\"|ICD SYSTEM CONSULTA BI-V CRTD W/ATTAIN ABILITY LEAD|\"\"|\"\"|||\"\"|\"\"|EA^1.0000^23870.0000~EA|MEDTRN|CONSULTAMMAM|AAZU||1|4220350103|64759|23870.0000|20091001|N|0.0000|||N|N||47933|||N|\"\"|\"\"|0.0000|||||||N|N|\"\"|MEDTRONIC INC||\nZIN|Logi-D||REP|||EA|EA|45-1102-12202|2372\\S\\|59675.0000||Y|||||||||1|\"\"||||||||||MEDTRONIC CARDIAC RHYTHM DISEASE MGMT-MN||",
         "Name": ""
      },
      {
         "Message": "MSH|^~\\&|HEMM|MUNSON|LOGI-D||201307231315||MFN^MUP|1374599734|P|2.2||||||\nZIT|BIOWEB^CREFP6^378.0000|1||\"\"|PATCHES C3 EXTERNAL|\"\"|\"\"|||\"\"|\"\"|EA^1.0000^378.0000~EA|BIOWEB|CREFP6|\"\"||1|42203416|64756|378.0000|20121101|N|\"\"|||N|N||58196|||\"\"|\"\"|\"\"|\"\"|||||||N|\"\"|\"\"|BIOSENSE WEBSTER||\nZIN|Logi-D||EP CLOSET|||EA|EA|45-1102-12202|2372\\S\\00302|\"\"||Y|||||||||1|\"\"||||||||||BIOSENSE WEBSTER INC JNJ||",
         "Name": ""
      },
      {
         "Message": "MSH|^~\\&|HEMM|MUNSON|LOGI-D||201308261115||MFN^MUP|1377530133|P|2.2||||||\rZIT|MEDART^LA5JL40^40.0000|1||\"\"|CATHETER GUIDE LAUNCHER 5F JL4.0|\"\"|\"\"|||\"\"|\"\"|EA^1.0000^40.0000~EA|MEDART|LA5JL40|UNKN||1|4220340202|64743|40.0000|20110401|N|\"\"|||N|N||58564|||N|\"\"|\"\"|0.0000|||||||N|N|\"\"|MEDTRONIC ARTERIAL VASCULAR ENG||\rZIN|Logi-D||LAB 1 CAB03 RW1 HK4|LAB 2 CAB03 RW1 HK4|LAB 3 CAB03 RW1 HK4|EA|EA|45-1102-12202|\"\"|\"\"||Y|||||||||1|\"\"||||||||||MEDTRONIC CARDIOVASCULAR/VASCULAR||\r\r",
         "Name": ""
      }
   ]
}