{
   "Samples": [
      {
         "Message": "MSH|^~\\&|PMM|COHPA|||201302191258||MFN^MAD|1361300783|P|2.2|| \nZIT|2990^J423H^88.9000|1||\"\"|SUTURE ABSORBABLE 3-0 FS-2 L27 IN VICRYL UNDYED BRAIDED COATED|\"\"|\"\"|||Y|\"\"|CA^36.0000^88.9000~EA^1.0000^2.4694|1227|J423H|UNKN||\"\"|\"\"|4605200|88.9000|20110401|\"\"|\"\"|||\"\"|\"\"||932164|||N|\"\"|\"\"|\"\"|||||||N|N|\"\"|ETHICON|| \nZIN|SRHC_LogiD|||||CA|EA|\"\"|\"\"|\"\"||N|||||||||\"\"|\"\"||||||||||JOHNSON AND JOHNSON INC||",
         "Name": ""
      },
      {
         "Message": "MSH|^~\\&|PMM|COHPA|||201302191024||MFN^MAD|1361287943|P|2.2||\nZIT|11503^DS2M006\nq^100.0000|1||\"\"|CPS DUO GUIDEWIRE|\"\"|\"\"|||\"\"|\"\"|EA^1.0000^100.0000~EA|1546|DS2M006|UNKN||\"\"|\"\"|4954040|100.0000|\"\"|\"\"|\"\"|||\"\"|\"\"||23443|||N|\"\"|\"\"|0.0000|||||||U|N|\"\"|ST JUDE MEDICAL - ATRIAL FIBRILLATIO||\nZIN|SRHC_LogiD|||||EA|EA|\"\"|\"\"|0.0000||N|||||||||\"\"|\"\"||||||||||ST JUDE MEDICAL INC||",
         "Name": ""
      },
      {
         "Message": "MSH|^~\\&|PMM|COHPA|||201302191024||MFN^MAD|1361289613|P|2.2||\nZIT|512099^A32457^193.6400|1||\"\"|SHEET SPLINT BEIGE L36 IN X W24 IN X H1/8 IN SAN-SPLINT 1% PERFORATED THERMOPLASTIC|\"\"|\"\"|||Y|\"\"|CA^2.0000^193.6400~EA^1.0000^96.8200|1498|A32457|UNKN||\"\"|\"\"|4820010|193.6400|20100420|\"\"|\"\"|||\"\"|\"\"||931147|||N|\"\"|\"\"|\"\"|||||||U|N|\"\"|SAMMONS PRESTON ROLYAN||\nZIN|SRHC_LogiD|||||CA|EA|\"\"|\"\"|\"\"||N|||||||||\"\"|\"\"||||||||||PATTERSON MEDICAL -FORMER SAMMONS PRESTO||",
         "Name": ""
      },
      {
         "Message": "MSH|^~\\&|PMM|COHPA|||201302251158||MFN^MAD|1361814492|P|2.2||\nZIT|0696^2400350^129.1100|1||\"\"|PAPER NCR 3PT REV 8.5*11 9.5M|\"\"|\"\"|||31A3A|SS021|CA^10.0000^129.1100~PK^500.0000^12.9110~EA^1.0000^0.0258|1458|2400350|UNKN||\"\"|\"\"|4951000|129.1100|20100825|\"\"|\"\"|||\"\"|\"\"||4669|||N|\"\"|\"\"|0.0000|||||||U|N|\"\"|PRINT SHOP FORMS \\T\\ PRINTED PRODUCTS||\nZIN|SRHC_LogiD|||||PK|EA|\"\"|\"\"|0.0000||N|||||||||\"\"|\"\"||||||||||ARIVA  (BUNTIN REID)||",
         "Name": ""
      },
      {
         "Message": "MSH|^~\\&|PMM|COHPA|||201302251158||MFN^MAD|1361816162|P|2.2||\nZIT|4450^\"\"^18.7100|1||\"\"|APPL FBRTP 6IN COTN WDN STEM STER|\"\"|\"\"|||Y|\"\"|CA^10.0000^18.7100~BX^100.0000^1.8710~EA^1.0000^0.0187|1044|018-430|UNKN||1|\"\"|4606000|18.7100|20130201|N|0.0000|||\"\"|N||101008|||N|\"\"|\"\"|\"\"|||||||U|N|\"\"|AMG MEDICAL INC||\nZIN|SRHC_LogiD||40909|||CA|EA|0301-1155601001-0000000|\"\"|\"\"||Y|||||||||1|\"\"||||||||||MEDICAL MART SUPPLIES LTD||",
         "Name": ""
      },
      {
         "Message": "MSH|^~\\&|PMM|COHPA|||201302280058||MFN^MAD|1362032439|P|2.2||\nZIT|5796^P4542^287.2500|1||\"\"|TRAY EPIDURAL PARACERVICAL PUDENDAL|\"\"|\"\"|||Y|\"\"|CA^20.0000^287.2500~EA^1.0000^14.3625|1134|P4542|UNKN||\"\"|\"\"|4606000|287.2500|20090401|\"\"|\"\"|||\"\"|\"\"||960921|||N|\"\"|\"\"|\"\"|||||||U|N|\"\"|CARDINAL HEALTH||\nZIN|SRHC_LogiD|||||CA|EA|\"\"|\"\"|\"\"||N|||||||||\"\"|\"\"||||||||||CARDINAL HEALTH CANADA INC||",
         "Name": ""
      },
      {
         "Message": "MSH|^~\\&|PMM|COHPA|||201309120058||MFN^MUP|1378961897|P|2.2||\nZIT|0872^405081^105.7300|1||\"\"|NEEDLE SPINAL L3.5 IN OD27 GA QUINCKE POINT ANESTHESIA FITTED STYLET STERILE LATEX FREE DISPOSABLE GRAY|\"\"|\"\"|||Y|\"\"|BX^25.0000^105.7300~EA^1.0000^4.2292|1090|405081|UNKN||3|\"\"|4606300|105.7300|20130801|N|0.0000|||\"\"|N||933448|||N|\"\"|\"\"|\"\"|||||||N|N|\"\"|BECTON DICKINSON||0301|BX^\"\"~EA^\"\"\nZIN|SRHC_LogiD||115072|||BX|EA|0301-1155601001-0000000|\"\"|\"\"||Y|||||||||3|\"\"||||||||||CANADIAN HOSPITAL SPECIALITIES||\n",
         "Name": ""
      },
      {
         "Message": "MSH|^~\\&|PMM|COHPA|||201309120058||MFN^MUP|1378961891|P|2.2||\nZIT|TYCO^80XLTIN^60.0000|1||\"\"|CANNULA SHILEY XLT EXTENDED LENGTH DISPOSASBLE INNER SIZE 8|\"\"|\"\"|||\"\"|\"\"|BX^1.0000^60.0000~BX|1343|80XLTIN|UNKN||3|\"\"|4606040|60.0000|\"\"|N|\"\"|||\"\"|N||28521|||\"\"|\"\"|\"\"|\"\"|||||||U|\"\"|\"\"|MALLINCKRODT MEDICAL||0301|BX^\"\"\nZIN|SRHC_LogiD||429111|||BX|EA|0301-1155601001-0000000|\"\"|\"\"||Y|||||||||3|\"\"||||||||||COVIDIEN CANADA||\n",
         "Name": ""
      }
   ]
}