{
   "Samples": [
      {
         "Message": "<?xml version=\"1.0\"?> <PICK_SHEET_LOAD> <CASE_INFO> <CASE_ID>383585</CASE_ID> <PRODUCT_INFO> <PRODUCT_CODE>000000000000015775</PRODUCT_CODE> <QTY_TO_PICK>2</QTY_TO_PICK> <PRN_QTY_TO_PICK>5</PRN_QTY_TO_PICK > </PRODUCT_INFO> <PRODUCT_INFO> <PRODUCT_CODE>000000000000023758</PRODUCT_CODE> <QTY_TO_PICK>1</QTY_TO_PICK> <PRN_QTY_TO_PICK >2</PRN_QTY_TO_PICK> </PRODUCT_INFO> <PRODUCT_INFO> <PRODUCT_CODE>000000000000035677</PRODUCT_CODE> <QTY_TO_PICK>4</QTY_TO_PICK> <PRN_QTY_TO_PICK >2</PRN_QTY_TO_PICK> </PRODUCT_INFO> </CASE_INFO> <CASE_INFO> <CASE_ID>383587</CASE_ID> <PRODUCT_INFO> <PRODUCT_CODE>000000000000017755</PRODUCT_CODE> <QTY_TO_PICK>5</QTY_TO_PICK> <PRN_QTY_TO_PICK>10</PRN_QTY_TO_PICK> </PRODUCT_INFO> <PRODUCT_INFO> <PRODUCT_CODE>000000000000068675</PRODUCT_CODE> <QTY_TO_PICK>1</QTY_TO_PICK> <PRN_QTY_TO_PICK>1</PRN_QTY_TO_PICK> </PRODUCT_INFO> </CASE_INFO> </PICK_SHEET_LOAD> ",
         "Name": ""
      },
      {
         "Message": "<result><param1>20131002131404</param1><param2/><module_id/><param3/><param4/><care_event_counter>1</care_event_counter><param5/><trigger_id>185863</trigger_id><param6/><patient_id>967539</patient_id></result>",
         "Name": ""
      },
      {
         "Message": "<PICK_SHEET_LOAD><CASE_INFO><CASE_ID>2554063</CASE_ID><PRODUCT_INFO><PRODUCT_CODE>105077</PRODUCT_CODE><QTY_TO_PICK>1</QTY_TO_PICK><PRN_QTY_TO_PICK>0</PRN_QTY_TO_PICK></PRODUCT_INFO><PRODUCT_INFO><PRODUCT_CODE>110921</PRODUCT_CODE><QTY_TO_PICK>1</QTY_TO_PICK><PRN_QTY_TO_PICK>1</PRN_QTY_TO_PICK></PRODUCT_INFO><PRODUCT_INFO><PRODUCT_CODE>117478</PRODUCT_CODE><QTY_TO_PICK>1</QTY_TO_PICK><PRN_QTY_TO_PICK>1</PRN_QTY_TO_PICK></PRODUCT_INFO><PRODUCT_INFO><PRODUCT_CODE>1251</PRODUCT_CODE><QTY_TO_PICK>1</QTY_TO_PICK><PRN_QTY_TO_PICK>0</PRN_QTY_TO_PICK></PRODUCT_INFO><PRODUCT_INFO><PRODUCT_CODE>140565</PRODUCT_CODE><QTY_TO_PICK>1</QTY_TO_PICK><PRN_QTY_TO_PICK>1</PRN_QTY_TO_PICK></PRODUCT_INFO><PRODUCT_INFO><PRODUCT_CODE>142941</PRODUCT_CODE><QTY_TO_PICK>1</QTY_TO_PICK><PRN_QTY_TO_PICK>0</PRN_QTY_TO_PICK></PRODUCT_INFO><PRODUCT_INFO><PRODUCT_CODE>150123</PRODUCT_CODE><QTY_TO_PICK>1</QTY_TO_PICK><PRN_QTY_TO_PICK>0</PRN_QTY_TO_PICK></PRODUCT_INFO><PRODUCT_INFO><PRODUCT_CODE>156569</PRODUCT_CODE><QTY_TO_PICK>1</QTY_TO_PICK><PRN_QTY_TO_PICK>0</PRN_QTY_TO_PICK></PRODUCT_INFO><PRODUCT_INFO><PRODUCT_CODE>180358</PRODUCT_CODE><QTY_TO_PICK>1</QTY_TO_PICK><PRN_QTY_TO_PICK>0</PRN_QTY_TO_PICK></PRODUCT_INFO><PRODUCT_INFO><PRODUCT_CODE>180463</PRODUCT_CODE><QTY_TO_PICK>1</QTY_TO_PICK><PRN_QTY_TO_PICK>0</PRN_QTY_TO_PICK></PRODUCT_INFO><PRODUCT_INFO><PRODUCT_CODE>180473</PRODUCT_CODE><QTY_TO_PICK>1</QTY_TO_PICK><PRN_QTY_TO_PICK>0</PRN_QTY_TO_PICK></PRODUCT_INFO><PRODUCT_INFO><PRODUCT_CODE>182944</PRODUCT_CODE><QTY_TO_PICK>1</QTY_TO_PICK><PRN_QTY_TO_PICK>0</PRN_QTY_TO_PICK></PRODUCT_INFO><PRODUCT_INFO><PRODUCT_CODE>184080</PRODUCT_CODE><QTY_TO_PICK>1</QTY_TO_PICK><PRN_QTY_TO_PICK>0</PRN_QTY_TO_PICK></PRODUCT_INFO><PRODUCT_INFO><PRODUCT_CODE>184675</PRODUCT_CODE><QTY_TO_PICK>1</QTY_TO_PICK><PRN_QTY_TO_PICK>0</PRN_QTY_TO_PICK></PRODUCT_INFO><PRODUCT_INFO><PRODUCT_CODE>19118</PRODUCT_CODE><QTY_TO_PICK>1</QTY_TO_PICK><PRN_QTY_TO_PICK>1</PRN_QTY_TO_PICK></PRODUCT_INFO><PRODUCT_INFO><PRODUCT_CODE>223</PRODUCT_CODE><QTY_TO_PICK>1</QTY_TO_PICK><PRN_QTY_TO_PICK>0</PRN_QTY_TO_PICK></PRODUCT_INFO><PRODUCT_INFO><PRODUCT_CODE>40187</PRODUCT_CODE><QTY_TO_PICK>1</QTY_TO_PICK><PRN_QTY_TO_PICK>0</PRN_QTY_TO_PICK></PRODUCT_INFO><PRODUCT_INFO><PRODUCT_CODE>44983</PRODUCT_CODE><QTY_TO_PICK>1</QTY_TO_PICK><PRN_QTY_TO_PICK>1</PRN_QTY_TO_PICK></PRODUCT_INFO><PRODUCT_INFO><PRODUCT_CODE>58550</PRODUCT_CODE><QTY_TO_PICK>1</QTY_TO_PICK><PRN_QTY_TO_PICK>0</PRN_QTY_TO_PICK></PRODUCT_INFO></CASE_INFO></PICK_SHEET_LOAD>",
         "Name": ""
      },
      {
         "Message": "<PICK_SHEET_LOAD><CASE_INFO><CASE_ID>2545606</CASE_ID><PRODUCT_INFO><PRODUCT_CODE>112489</PRODUCT_CODE><QTY_TO_PICK>1</QTY_TO_PICK><PRN_QTY_TO_PICK>0</PRN_QTY_TO_PICK></PRODUCT_INFO><PRODUCT_INFO><PRODUCT_CODE>113766</PRODUCT_CODE><QTY_TO_PICK>1</QTY_TO_PICK><PRN_QTY_TO_PICK>0</PRN_QTY_TO_PICK></PRODUCT_INFO><PRODUCT_INFO><PRODUCT_CODE>122658</PRODUCT_CODE><QTY_TO_PICK>1</QTY_TO_PICK><PRN_QTY_TO_PICK>0</PRN_QTY_TO_PICK></PRODUCT_INFO><PRODUCT_INFO><PRODUCT_CODE>123411</PRODUCT_CODE><QTY_TO_PICK>1</QTY_TO_PICK><PRN_QTY_TO_PICK>1</PRN_QTY_TO_PICK></PRODUCT_INFO><PRODUCT_INFO><PRODUCT_CODE>13432</PRODUCT_CODE><QTY_TO_PICK>1</QTY_TO_PICK><PRN_QTY_TO_PICK>1</PRN_QTY_TO_PICK></PRODUCT_INFO><PRODUCT_INFO><PRODUCT_CODE>1399</PRODUCT_CODE><QTY_TO_PICK>1</QTY_TO_PICK><PRN_QTY_TO_PICK>1</PRN_QTY_TO_PICK></PRODUCT_INFO><PRODUCT_INFO><PRODUCT_CODE>1550</PRODUCT_CODE><QTY_TO_PICK>1</QTY_TO_PICK><PRN_QTY_TO_PICK>1</PRN_QTY_TO_PICK></PRODUCT_INFO><PRODUCT_INFO><PRODUCT_CODE>1551</PRODUCT_CODE><QTY_TO_PICK>1</QTY_TO_PICK><PRN_QTY_TO_PICK>1</PRN_QTY_TO_PICK></PRODUCT_INFO><PRODUCT_INFO><PRODUCT_CODE>17474</PRODUCT_CODE><QTY_TO_PICK>1</QTY_TO_PICK><PRN_QTY_TO_PICK>0</PRN_QTY_TO_PICK></PRODUCT_INFO><PRODUCT_INFO><PRODUCT_CODE>182599</PRODUCT_CODE><QTY_TO_PICK>1</QTY_TO_PICK><PRN_QTY_TO_PICK>0</PRN_QTY_TO_PICK></PRODUCT_INFO><PRODUCT_INFO><PRODUCT_CODE>182600</PRODUCT_CODE><QTY_TO_PICK>2</QTY_TO_PICK><PRN_QTY_TO_PICK>0</PRN_QTY_TO_PICK></PRODUCT_INFO><PRODUCT_INFO><PRODUCT_CODE>182944</PRODUCT_CODE><QTY_TO_PICK>1</QTY_TO_PICK><PRN_QTY_TO_PICK>0</PRN_QTY_TO_PICK></PRODUCT_INFO><PRODUCT_INFO><PRODUCT_CODE>184162</PRODUCT_CODE><QTY_TO_PICK>2</QTY_TO_PICK><PRN_QTY_TO_PICK>0</PRN_QTY_TO_PICK></PRODUCT_INFO><PRODUCT_INFO><PRODUCT_CODE>184165</PRODUCT_CODE><QTY_TO_PICK>1</QTY_TO_PICK><PRN_QTY_TO_PICK>0</PRN_QTY_TO_PICK></PRODUCT_INFO><PRODUCT_INFO><PRODUCT_CODE>184675</PRODUCT_CODE><QTY_TO_PICK>1</QTY_TO_PICK><PRN_QTY_TO_PICK>0</PRN_QTY_TO_PICK></PRODUCT_INFO><PRODUCT_INFO><PRODUCT_CODE>185758</PRODUCT_CODE><QTY_TO_PICK>1</QTY_TO_PICK><PRN_QTY_TO_PICK>0</PRN_QTY_TO_PICK></PRODUCT_INFO><PRODUCT_INFO><PRODUCT_CODE>186192</PRODUCT_CODE><QTY_TO_PICK>1</QTY_TO_PICK><PRN_QTY_TO_PICK>0</PRN_QTY_TO_PICK></PRODUCT_INFO><PRODUCT_INFO><PRODUCT_CODE>19909</PRODUCT_CODE><QTY_TO_PICK>1</QTY_TO_PICK><PRN_QTY_TO_PICK>0</PRN_QTY_TO_PICK></PRODUCT_INFO><PRODUCT_INFO><PRODUCT_CODE>21996</PRODUCT_CODE><QTY_TO_PICK>1</QTY_TO_PICK><PRN_QTY_TO_PICK>1</PRN_QTY_TO_PICK></PRODUCT_INFO><PRODUCT_INFO><PRODUCT_CODE>223</PRODUCT_CODE><QTY_TO_PICK>1</QTY_TO_PICK><PRN_QTY_TO_PICK>0</PRN_QTY_TO_PICK></PRODUCT_INFO><PRODUCT_INFO><PRODUCT_CODE>26835</PRODUCT_CODE><QTY_TO_PICK>1</QTY_TO_PICK><PRN_QTY_TO_PICK>1</PRN_QTY_TO_PICK></PRODUCT_INFO><PRODUCT_INFO><PRODUCT_CODE>27143</PRODUCT_CODE><QTY_TO_PICK>1</QTY_TO_PICK><PRN_QTY_TO_PICK>1</PRN_QTY_TO_PICK></PRODUCT_INFO><PRODUCT_INFO><PRODUCT_CODE>3851</PRODUCT_CODE><QTY_TO_PICK>1</QTY_TO_PICK><PRN_QTY_TO_PICK>1</PRN_QTY_TO_PICK></PRODUCT_INFO><PRODUCT_INFO><PRODUCT_CODE>39671</PRODUCT_CODE><QTY_TO_PICK>1</QTY_TO_PICK><PRN_QTY_TO_PICK>0</PRN_QTY_TO_PICK></PRODUCT_INFO><PRODUCT_INFO><PRODUCT_CODE>5275</PRODUCT_CODE><QTY_TO_PICK>1</QTY_TO_PICK><PRN_QTY_TO_PICK>1</PRN_QTY_TO_PICK></PRODUCT_INFO><PRODUCT_INFO><PRODUCT_CODE>7007</PRODUCT_CODE><QTY_TO_PICK>2</QTY_TO_PICK><PRN_QTY_TO_PICK>0</PRN_QTY_TO_PICK></PRODUCT_INFO><PRODUCT_INFO><PRODUCT_CODE>7762</PRODUCT_CODE><QTY_TO_PICK>1</QTY_TO_PICK><PRN_QTY_TO_PICK>1</PRN_QTY_TO_PICK></PRODUCT_INFO><PRODUCT_INFO><PRODUCT_CODE>8462</PRODUCT_CODE><QTY_TO_PICK>1</QTY_TO_PICK><PRN_QTY_TO_PICK>1</PRN_QTY_TO_PICK></PRODUCT_INFO><PRODUCT_INFO><PRODUCT_CODE>SSICYS</PRODUCT_CODE><QTY_TO_PICK>1</QTY_TO_PICK><PRN_QTY_TO_PICK>0</PRN_QTY_TO_PICK></PRODUCT_INFO></CASE_INFO></PICK_SHEET_LOAD>",
         "Name": ""
      },
      {
         "Message": "<PICK_SHEET_LOAD><CASE_INFO><CASE_ID>2538243</CASE_ID><PRODUCT_INFO><PRODUCT_CODE>112489</PRODUCT_CODE><QTY_TO_PICK>1</QTY_TO_PICK><PRN_QTY_TO_PICK>0</PRN_QTY_TO_PICK></PRODUCT_INFO><PRODUCT_INFO><PRODUCT_CODE>122658</PRODUCT_CODE><QTY_TO_PICK>1</QTY_TO_PICK><PRN_QTY_TO_PICK>0</PRN_QTY_TO_PICK></PRODUCT_INFO><PRODUCT_INFO><PRODUCT_CODE>145102</PRODUCT_CODE><QTY_TO_PICK>1</QTY_TO_PICK><PRN_QTY_TO_PICK>0</PRN_QTY_TO_PICK></PRODUCT_INFO><PRODUCT_INFO><PRODUCT_CODE>145820</PRODUCT_CODE><QTY_TO_PICK>1</QTY_TO_PICK><PRN_QTY_TO_PICK>0</PRN_QTY_TO_PICK></PRODUCT_INFO><PRODUCT_INFO><PRODUCT_CODE>182600</PRODUCT_CODE><QTY_TO_PICK>1</QTY_TO_PICK><PRN_QTY_TO_PICK>0</PRN_QTY_TO_PICK></PRODUCT_INFO><PRODUCT_INFO><PRODUCT_CODE>186192</PRODUCT_CODE><QTY_TO_PICK>1</QTY_TO_PICK><PRN_QTY_TO_PICK>0</PRN_QTY_TO_PICK></PRODUCT_INFO><PRODUCT_INFO><PRODUCT_CODE>32270</PRODUCT_CODE><QTY_TO_PICK>1</QTY_TO_PICK><PRN_QTY_TO_PICK>0</PRN_QTY_TO_PICK></PRODUCT_INFO><PRODUCT_INFO><PRODUCT_CODE>33798</PRODUCT_CODE><QTY_TO_PICK>1</QTY_TO_PICK><PRN_QTY_TO_PICK>0</PRN_QTY_TO_PICK></PRODUCT_INFO><PRODUCT_INFO><PRODUCT_CODE>38</PRODUCT_CODE><QTY_TO_PICK>1</QTY_TO_PICK><PRN_QTY_TO_PICK>0</PRN_QTY_TO_PICK></PRODUCT_INFO><PRODUCT_INFO><PRODUCT_CODE>61569</PRODUCT_CODE><QTY_TO_PICK>1</QTY_TO_PICK><PRN_QTY_TO_PICK>0</PRN_QTY_TO_PICK></PRODUCT_INFO><PRODUCT_INFO><PRODUCT_CODE>6381</PRODUCT_CODE><QTY_TO_PICK>1</QTY_TO_PICK><PRN_QTY_TO_PICK>0</PRN_QTY_TO_PICK></PRODUCT_INFO><PRODUCT_INFO><PRODUCT_CODE>77489</PRODUCT_CODE><QTY_TO_PICK>1</QTY_TO_PICK><PRN_QTY_TO_PICK>0</PRN_QTY_TO_PICK></PRODUCT_INFO><PRODUCT_INFO><PRODUCT_CODE>857</PRODUCT_CODE><QTY_TO_PICK>1</QTY_TO_PICK><PRN_QTY_TO_PICK>0</PRN_QTY_TO_PICK></PRODUCT_INFO></CASE_INFO></PICK_SHEET_LOAD>",
         "Name": ""
      },
      {
         "Message": "<PICK_SHEET_LOAD><CASE_INFO><CASE_ID>2561064</CASE_ID><PRODUCT_INFO><PRODUCT_CODE>102996</PRODUCT_CODE><QTY_TO_PICK>1</QTY_TO_PICK><PRN_QTY_TO_PICK>0</PRN_QTY_TO_PICK></PRODUCT_INFO><PRODUCT_INFO><PRODUCT_CODE>1244</PRODUCT_CODE><QTY_TO_PICK>1</QTY_TO_PICK><PRN_QTY_TO_PICK>1</PRN_QTY_TO_PICK></PRODUCT_INFO><PRODUCT_INFO><PRODUCT_CODE>1315</PRODUCT_CODE><QTY_TO_PICK>1</QTY_TO_PICK><PRN_QTY_TO_PICK>1</PRN_QTY_TO_PICK></PRODUCT_INFO><PRODUCT_INFO><PRODUCT_CODE>140222</PRODUCT_CODE><QTY_TO_PICK>1</QTY_TO_PICK><PRN_QTY_TO_PICK>0</PRN_QTY_TO_PICK></PRODUCT_INFO><PRODUCT_INFO><PRODUCT_CODE>145102</PRODUCT_CODE><QTY_TO_PICK>1</QTY_TO_PICK><PRN_QTY_TO_PICK>0</PRN_QTY_TO_PICK></PRODUCT_INFO><PRODUCT_INFO><PRODUCT_CODE></PRODUCT_CODE><QTY_TO_PICK>1</QTY_TO_PICK><PRN_QTY_TO_PICK>0</PRN_QTY_TO_PICK></PRODUCT_INFO><PRODUCT_INFO><PRODUCT_CODE>184162</PRODUCT_CODE><QTY_TO_PICK>1</QTY_TO_PICK><PRN_QTY_TO_PICK>0</PRN_QTY_TO_PICK></PRODUCT_INFO><PRODUCT_INFO><PRODUCT_CODE>32270</PRODUCT_CODE><QTY_TO_PICK>2</QTY_TO_PICK><PRN_QTY_TO_PICK>0</PRN_QTY_TO_PICK></PRODUCT_INFO><PRODUCT_INFO><PRODUCT_CODE/><QTY_TO_PICK>1</QTY_TO_PICK><PRN_QTY_TO_PICK>0</PRN_QTY_TO_PICK></PRODUCT_INFO></CASE_INFO></PICK_SHEET_LOAD>",
         "Name": ""
      },
      {
         "Message": "<PICK_SHEET_LOAD><CASE_INFO><CASE_ID>2561064</CASE_ID><PRODUCT_INFO><PRODUCT_CODE>102996</PRODUCT_CODE><QTY_TO_PICK>1</QTY_TO_PICK><PRN_QTY_TO_PICK>0</PRN_QTY_TO_PICK></PRODUCT_INFO><PRODUCT_INFO><PRODUCT_CODE>1244</PRODUCT_CODE><QTY_TO_PICK>1</QTY_TO_PICK><PRN_QTY_TO_PICK>1</PRN_QTY_TO_PICK></PRODUCT_INFO><PRODUCT_INFO><PRODUCT_CODE>1315</PRODUCT_CODE><QTY_TO_PICK>1</QTY_TO_PICK><PRN_QTY_TO_PICK>1</PRN_QTY_TO_PICK></PRODUCT_INFO><PRODUCT_INFO><PRODUCT_CODE>140222</PRODUCT_CODE><QTY_TO_PICK>1</QTY_TO_PICK><PRN_QTY_TO_PICK>0</PRN_QTY_TO_PICK></PRODUCT_INFO><PRODUCT_INFO><PRODUCT_CODE>145102</PRODUCT_CODE><QTY_TO_PICK>1</QTY_TO_PICK><PRN_QTY_TO_PICK>0</PRN_QTY_TO_PICK></PRODUCT_INFO><PRODUCT_INFO><PRODUCT_CODE>145820</PRODUCT_CODE><QTY_TO_PICK>1</QTY_TO_PICK><PRN_QTY_TO_PICK>0</PRN_QTY_TO_PICK></PRODUCT_INFO><PRODUCT_INFO><PRODUCT_CODE>184162</PRODUCT_CODE><QTY_TO_PICK>1</QTY_TO_PICK><PRN_QTY_TO_PICK>0</PRN_QTY_TO_PICK></PRODUCT_INFO><PRODUCT_INFO><PRODUCT_CODE>32270</PRODUCT_CODE><QTY_TO_PICK>2</QTY_TO_PICK><PRN_QTY_TO_PICK>0</PRN_QTY_TO_PICK></PRODUCT_INFO><PRODUCT_INFO><PRODUCT_CODE/><QTY_TO_PICK>1</QTY_TO_PICK><PRN_QTY_TO_PICK>0</PRN_QTY_TO_PICK></PRODUCT_INFO></CASE_INFO></PICK_SHEET_LOAD>",
         "Name": ""
      },
      {
         "Message": "<PICK_SHEET_LOAD><CASE_INFO><CASE_ID>2545072</CASE_ID><PRODUCT_INFO><PRODUCT_CODE>109536</PRODUCT_CODE><QTY_TO_PICK>1</QTY_TO_PICK><PRN_QTY_TO_PICK>0</PRN_QTY_TO_PICK></PRODUCT_INFO><PRODUCT_INFO><PRODUCT_CODE>112489</PRODUCT_CODE><QTY_TO_PICK>1</QTY_TO_PICK><PRN_QTY_TO_PICK>0</PRN_QTY_TO_PICK></PRODUCT_INFO><PRODUCT_INFO><PRODUCT_CODE>113766</PRODUCT_CODE><QTY_TO_PICK>1</QTY_TO_PICK><PRN_QTY_TO_PICK>0</PRN_QTY_TO_PICK></PRODUCT_INFO><PRODUCT_INFO><PRODUCT_CODE>11766</PRODUCT_CODE><QTY_TO_PICK>1</QTY_TO_PICK><PRN_QTY_TO_PICK>1</PRN_QTY_TO_PICK></PRODUCT_INFO><PRODUCT_INFO><PRODUCT_CODE>122658</PRODUCT_CODE><QTY_TO_PICK>1</QTY_TO_PICK><PRN_QTY_TO_PICK>0</PRN_QTY_TO_PICK></PRODUCT_INFO><PRODUCT_INFO><PRODUCT_CODE>123411</PRODUCT_CODE><QTY_TO_PICK>3</QTY_TO_PICK><PRN_QTY_TO_PICK>3</PRN_QTY_TO_PICK></PRODUCT_INFO><PRODUCT_INFO><PRODUCT_CODE>123412</PRODUCT_CODE><QTY_TO_PICK>1</QTY_TO_PICK><PRN_QTY_TO_PICK>1</PRN_QTY_TO_PICK></PRODUCT_INFO><PRODUCT_INFO><PRODUCT_CODE>12943</PRODUCT_CODE><QTY_TO_PICK>1</QTY_TO_PICK><PRN_QTY_TO_PICK>0</PRN_QTY_TO_PICK></PRODUCT_INFO><PRODUCT_INFO><PRODUCT_CODE>13432</PRODUCT_CODE><QTY_TO_PICK>2</QTY_TO_PICK><PRN_QTY_TO_PICK>2</PRN_QTY_TO_PICK></PRODUCT_INFO><PRODUCT_INFO><PRODUCT_CODE>134755</PRODUCT_CODE><QTY_TO_PICK>1</QTY_TO_PICK><PRN_QTY_TO_PICK>1</PRN_QTY_TO_PICK></PRODUCT_INFO><PRODUCT_INFO><PRODUCT_CODE>1420</PRODUCT_CODE><QTY_TO_PICK>2</QTY_TO_PICK><PRN_QTY_TO_PICK>2</PRN_QTY_TO_PICK></PRODUCT_INFO><PRODUCT_INFO><PRODUCT_CODE>146356</PRODUCT_CODE><QTY_TO_PICK>1</QTY_TO_PICK><PRN_QTY_TO_PICK>1</PRN_QTY_TO_PICK></PRODUCT_INFO><PRODUCT_INFO><PRODUCT_CODE>179735</PRODUCT_CODE><QTY_TO_PICK>1</QTY_TO_PICK><PRN_QTY_TO_PICK>0</PRN_QTY_TO_PICK></PRODUCT_INFO><PRODUCT_INFO><PRODUCT_CODE>182600</PRODUCT_CODE><QTY_TO_PICK>1</QTY_TO_PICK><PRN_QTY_TO_PICK>0</PRN_QTY_TO_PICK></PRODUCT_INFO><PRODUCT_INFO><PRODUCT_CODE>182944</PRODUCT_CODE><QTY_TO_PICK>2</QTY_TO_PICK><PRN_QTY_TO_PICK>0</PRN_QTY_TO_PICK></PRODUCT_INFO><PRODUCT_INFO><PRODUCT_CODE>184162</PRODUCT_CODE><QTY_TO_PICK>6</QTY_TO_PICK><PRN_QTY_TO_PICK>0</PRN_QTY_TO_PICK></PRODUCT_INFO><PRODUCT_INFO><PRODUCT_CODE>184891</PRODUCT_CODE><QTY_TO_PICK>1</QTY_TO_PICK><PRN_QTY_TO_PICK>0</PRN_QTY_TO_PICK></PRODUCT_INFO><PRODUCT_INFO><PRODUCT_CODE>185758</PRODUCT_CODE><QTY_TO_PICK>1</QTY_TO_PICK><PRN_QTY_TO_PICK>0</PRN_QTY_TO_PICK></PRODUCT_INFO><PRODUCT_INFO><PRODUCT_CODE>186968</PRODUCT_CODE><QTY_TO_PICK>1</QTY_TO_PICK><PRN_QTY_TO_PICK>0</PRN_QTY_TO_PICK></PRODUCT_INFO><PRODUCT_INFO><PRODUCT_CODE>223</PRODUCT_CODE><QTY_TO_PICK>1</QTY_TO_PICK><PRN_QTY_TO_PICK>0</PRN_QTY_TO_PICK></PRODUCT_INFO><PRODUCT_INFO><PRODUCT_CODE>26835</PRODUCT_CODE><QTY_TO_PICK>1</QTY_TO_PICK><PRN_QTY_TO_PICK>1</PRN_QTY_TO_PICK></PRODUCT_INFO><PRODUCT_INFO><PRODUCT_CODE>37380</PRODUCT_CODE><QTY_TO_PICK>1</QTY_TO_PICK><PRN_QTY_TO_PICK>0</PRN_QTY_TO_PICK></PRODUCT_INFO><PRODUCT_INFO><PRODUCT_CODE>37389</PRODUCT_CODE><QTY_TO_PICK>3</QTY_TO_PICK><PRN_QTY_TO_PICK>0</PRN_QTY_TO_PICK></PRODUCT_INFO><PRODUCT_INFO><PRODUCT_CODE>3851</PRODUCT_CODE><QTY_TO_PICK>1</QTY_TO_PICK><PRN_QTY_TO_PICK>1</PRN_QTY_TO_PICK></PRODUCT_INFO><PRODUCT_INFO><PRODUCT_CODE>42096</PRODUCT_CODE><QTY_TO_PICK>1</QTY_TO_PICK><PRN_QTY_TO_PICK>1</PRN_QTY_TO_PICK></PRODUCT_INFO><PRODUCT_INFO><PRODUCT_CODE>58481</PRODUCT_CODE><QTY_TO_PICK>1</QTY_TO_PICK><PRN_QTY_TO_PICK>0</PRN_QTY_TO_PICK></PRODUCT_INFO><PRODUCT_INFO><PRODUCT_CODE>59309</PRODUCT_CODE><QTY_TO_PICK>1</QTY_TO_PICK><PRN_QTY_TO_PICK>0</PRN_QTY_TO_PICK></PRODUCT_INFO><PRODUCT_INFO><PRODUCT_CODE>77488</PRODUCT_CODE><QTY_TO_PICK>1</QTY_TO_PICK><PRN_QTY_TO_PICK>0</PRN_QTY_TO_PICK></PRODUCT_INFO><PRODUCT_INFO><PRODUCT_CODE>9896</PRODUCT_CODE><QTY_TO_PICK>1</QTY_TO_PICK><PRN_QTY_TO_PICK>0</PRN_QTY_TO_PICK></PRODUCT_INFO><PRODUCT_INFO><PRODUCT_CODE>SSICYS</PRODUCT_CODE><QTY_TO_PICK>1</QTY_TO_PICK><PRN_QTY_TO_PICK>0</PRN_QTY_TO_PICK></PRODUCT_INFO><PRODUCT_INFO><PRODUCT_CODE/><QTY_TO_PICK>1</QTY_TO_PICK><PRN_QTY_TO_PICK>0</PRN_QTY_TO_PICK></PRODUCT_INFO><PRODUCT_INFO><PRODUCT_CODE/><QTY_TO_PICK>1</QTY_TO_PICK><PRN_QTY_TO_PICK>0</PRN_QTY_TO_PICK></PRODUCT_INFO><PRODUCT_INFO><PRODUCT_CODE/><QTY_TO_PICK>1</QTY_TO_PICK><PRN_QTY_TO_PICK>0</PRN_QTY_TO_PICK></PRODUCT_INFO><PRODUCT_INFO><PRODUCT_CODE/><QTY_TO_PICK>1</QTY_TO_PICK><PRN_QTY_TO_PICK>0</PRN_QTY_TO_PICK></PRODUCT_INFO></CASE_INFO></PICK_SHEET_LOAD>",
         "Name": ""
      },
      {
         "Message": "<PICK_SHEET_LOAD><CASE_INFO><CASE_ID>2561160</CASE_ID><PRODUCT_INFO><PRODUCT_CODE>107981</PRODUCT_CODE><QTY_TO_PICK>1</QTY_TO_PICK><PRN_QTY_TO_PICK>1</PRN_QTY_TO_PICK></PRODUCT_INFO><PRODUCT_INFO><PRODUCT_CODE>112489</PRODUCT_CODE><QTY_TO_PICK>1</QTY_TO_PICK><PRN_QTY_TO_PICK>0</PRN_QTY_TO_PICK></PRODUCT_INFO><PRODUCT_INFO><PRODUCT_CODE>113303</PRODUCT_CODE><QTY_TO_PICK>1</QTY_TO_PICK><PRN_QTY_TO_PICK>1</PRN_QTY_TO_PICK></PRODUCT_INFO><PRODUCT_INFO><PRODUCT_CODE>122</PRODUCT_CODE><QTY_TO_PICK>1</QTY_TO_PICK><PRN_QTY_TO_PICK>0</PRN_QTY_TO_PICK></PRODUCT_INFO><PRODUCT_INFO><PRODUCT_CODE>122658</PRODUCT_CODE><QTY_TO_PICK>1</QTY_TO_PICK><PRN_QTY_TO_PICK>0</PRN_QTY_TO_PICK></PRODUCT_INFO><PRODUCT_INFO><PRODUCT_CODE>12943</PRODUCT_CODE><QTY_TO_PICK>1</QTY_TO_PICK><PRN_QTY_TO_PICK>0</PRN_QTY_TO_PICK></PRODUCT_INFO><PRODUCT_INFO><PRODUCT_CODE>1315</PRODUCT_CODE><QTY_TO_PICK>1</QTY_TO_PICK><PRN_QTY_TO_PICK>0</PRN_QTY_TO_PICK></PRODUCT_INFO><PRODUCT_INFO><PRODUCT_CODE>136870</PRODUCT_CODE><QTY_TO_PICK>1</QTY_TO_PICK><PRN_QTY_TO_PICK>0</PRN_QTY_TO_PICK></PRODUCT_INFO><PRODUCT_INFO><PRODUCT_CODE>15322</PRODUCT_CODE><QTY_TO_PICK>1</QTY_TO_PICK><PRN_QTY_TO_PICK>0</PRN_QTY_TO_PICK></PRODUCT_INFO><PRODUCT_INFO><PRODUCT_CODE>182599</PRODUCT_CODE><QTY_TO_PICK>1</QTY_TO_PICK><PRN_QTY_TO_PICK>0</PRN_QTY_TO_PICK></PRODUCT_INFO><PRODUCT_INFO><PRODUCT_CODE>182600</PRODUCT_CODE><QTY_TO_PICK>1</QTY_TO_PICK><PRN_QTY_TO_PICK>0</PRN_QTY_TO_PICK></PRODUCT_INFO><PRODUCT_INFO><PRODUCT_CODE>182944</PRODUCT_CODE><QTY_TO_PICK>1</QTY_TO_PICK><PRN_QTY_TO_PICK>0</PRN_QTY_TO_PICK></PRODUCT_INFO><PRODUCT_INFO><PRODUCT_CODE>184162</PRODUCT_CODE><QTY_TO_PICK>1</QTY_TO_PICK><PRN_QTY_TO_PICK>0</PRN_QTY_TO_PICK></PRODUCT_INFO><PRODUCT_INFO><PRODUCT_CODE>184165</PRODUCT_CODE><QTY_TO_PICK>1</QTY_TO_PICK><PRN_QTY_TO_PICK>0</PRN_QTY_TO_PICK></PRODUCT_INFO><PRODUCT_INFO><PRODUCT_CODE>184675</PRODUCT_CODE><QTY_TO_PICK>1</QTY_TO_PICK><PRN_QTY_TO_PICK>0</PRN_QTY_TO_PICK></PRODUCT_INFO><PRODUCT_INFO><PRODUCT_CODE>185758</PRODUCT_CODE><QTY_TO_PICK>1</QTY_TO_PICK><PRN_QTY_TO_PICK>0</PRN_QTY_TO_PICK></PRODUCT_INFO><PRODUCT_INFO><PRODUCT_CODE>186192</PRODUCT_CODE><QTY_TO_PICK>1</QTY_TO_PICK><PRN_QTY_TO_PICK>0</PRN_QTY_TO_PICK></PRODUCT_INFO><PRODUCT_INFO><PRODUCT_CODE>223</PRODUCT_CODE><QTY_TO_PICK>1</QTY_TO_PICK><PRN_QTY_TO_PICK>0</PRN_QTY_TO_PICK></PRODUCT_INFO><PRODUCT_INFO><PRODUCT_CODE>2695</PRODUCT_CODE><QTY_TO_PICK>1</QTY_TO_PICK><PRN_QTY_TO_PICK>1</PRN_QTY_TO_PICK></PRODUCT_INFO><PRODUCT_INFO><PRODUCT_CODE>333</PRODUCT_CODE><QTY_TO_PICK>1</QTY_TO_PICK><PRN_QTY_TO_PICK>0</PRN_QTY_TO_PICK></PRODUCT_INFO><PRODUCT_INFO><PRODUCT_CODE>59309</PRODUCT_CODE><QTY_TO_PICK>1</QTY_TO_PICK><PRN_QTY_TO_PICK>0</PRN_QTY_TO_PICK></PRODUCT_INFO><PRODUCT_INFO><PRODUCT_CODE>7007</PRODUCT_CODE><QTY_TO_PICK>1</QTY_TO_PICK><PRN_QTY_TO_PICK>0</PRN_QTY_TO_PICK></PRODUCT_INFO><PRODUCT_INFO><PRODUCT_CODE>SSICYS</PRODUCT_CODE><QTY_TO_PICK>1</QTY_TO_PICK><PRN_QTY_TO_PICK>0</PRN_QTY_TO_PICK></PRODUCT_INFO><PRODUCT_INFO><PRODUCT_CODE/><QTY_TO_PICK>1</QTY_TO_PICK><PRN_QTY_TO_PICK>0</PRN_QTY_TO_PICK></PRODUCT_INFO><PRODUCT_INFO><PRODUCT_CODE/><QTY_TO_PICK>1</QTY_TO_PICK><PRN_QTY_TO_PICK>0</PRN_QTY_TO_PICK></PRODUCT_INFO><PRODUCT_INFO><PRODUCT_CODE/><QTY_TO_PICK>1</QTY_TO_PICK><PRN_QTY_TO_PICK>0</PRN_QTY_TO_PICK></PRODUCT_INFO><PRODUCT_INFO><PRODUCT_CODE/><QTY_TO_PICK>1</QTY_TO_PICK><PRN_QTY_TO_PICK>0</PRN_QTY_TO_PICK></PRODUCT_INFO></CASE_INFO></PICK_SHEET_LOAD>",
         "Name": ""
      },
      {
         "Message": "<PICK_SHEET_LOAD><CASE_INFO><CASE_ID>2545072</CASE_ID><PRODUCT_INFO><PRODUCT_CODE>109536</PRODUCT_CODE><QTY_TO_PICK>1</QTY_TO_PICK><PRN_QTY_TO_PICK>0</PRN_QTY_TO_PICK></PRODUCT_INFO><PRODUCT_INFO><PRODUCT_CODE>112489</PRODUCT_CODE><QTY_TO_PICK>1</QTY_TO_PICK><PRN_QTY_TO_PICK>0</PRN_QTY_TO_PICK></PRODUCT_INFO><PRODUCT_INFO><PRODUCT_CODE>113766</PRODUCT_CODE><QTY_TO_PICK>1</QTY_TO_PICK><PRN_QTY_TO_PICK>0</PRN_QTY_TO_PICK></PRODUCT_INFO><PRODUCT_INFO><PRODUCT_CODE>11766</PRODUCT_CODE><QTY_TO_PICK>1</QTY_TO_PICK><PRN_QTY_TO_PICK>1</PRN_QTY_TO_PICK></PRODUCT_INFO><PRODUCT_INFO><PRODUCT_CODE>122658</PRODUCT_CODE><QTY_TO_PICK>1</QTY_TO_PICK><PRN_QTY_TO_PICK>0</PRN_QTY_TO_PICK></PRODUCT_INFO><PRODUCT_INFO><PRODUCT_CODE>123411</PRODUCT_CODE><QTY_TO_PICK>3</QTY_TO_PICK><PRN_QTY_TO_PICK>3</PRN_QTY_TO_PICK></PRODUCT_INFO><PRODUCT_INFO><PRODUCT_CODE>123412</PRODUCT_CODE><QTY_TO_PICK>1</QTY_TO_PICK><PRN_QTY_TO_PICK>1</PRN_QTY_TO_PICK></PRODUCT_INFO><PRODUCT_INFO><PRODUCT_CODE>12943</PRODUCT_CODE><QTY_TO_PICK>1</QTY_TO_PICK><PRN_QTY_TO_PICK>0</PRN_QTY_TO_PICK></PRODUCT_INFO><PRODUCT_INFO><PRODUCT_CODE>13432</PRODUCT_CODE><QTY_TO_PICK>2</QTY_TO_PICK><PRN_QTY_TO_PICK>2</PRN_QTY_TO_PICK></PRODUCT_INFO><PRODUCT_INFO><PRODUCT_CODE>134755</PRODUCT_CODE><QTY_TO_PICK>1</QTY_TO_PICK><PRN_QTY_TO_PICK>1</PRN_QTY_TO_PICK></PRODUCT_INFO><PRODUCT_INFO><PRODUCT_CODE>1420</PRODUCT_CODE><QTY_TO_PICK>2</QTY_TO_PICK><PRN_QTY_TO_PICK>2</PRN_QTY_TO_PICK></PRODUCT_INFO><PRODUCT_INFO><PRODUCT_CODE>146356</PRODUCT_CODE><QTY_TO_PICK>1</QTY_TO_PICK><PRN_QTY_TO_PICK>1</PRN_QTY_TO_PICK></PRODUCT_INFO><PRODUCT_INFO><PRODUCT_CODE>179735</PRODUCT_CODE><QTY_TO_PICK>1</QTY_TO_PICK><PRN_QTY_TO_PICK>0</PRN_QTY_TO_PICK></PRODUCT_INFO><PRODUCT_INFO><PRODUCT_CODE>182600</PRODUCT_CODE><QTY_TO_PICK>1</QTY_TO_PICK><PRN_QTY_TO_PICK>0</PRN_QTY_TO_PICK></PRODUCT_INFO><PRODUCT_INFO><PRODUCT_CODE>182944</PRODUCT_CODE><QTY_TO_PICK>2</QTY_TO_PICK><PRN_QTY_TO_PICK>0</PRN_QTY_TO_PICK></PRODUCT_INFO><PRODUCT_INFO><PRODUCT_CODE>184162</PRODUCT_CODE><QTY_TO_PICK>6</QTY_TO_PICK><PRN_QTY_TO_PICK>0</PRN_QTY_TO_PICK></PRODUCT_INFO><PRODUCT_INFO><PRODUCT_CODE>184891</PRODUCT_CODE><QTY_TO_PICK>1</QTY_TO_PICK><PRN_QTY_TO_PICK>0</PRN_QTY_TO_PICK></PRODUCT_INFO><PRODUCT_INFO><PRODUCT_CODE>185758</PRODUCT_CODE><QTY_TO_PICK>1</QTY_TO_PICK><PRN_QTY_TO_PICK>0</PRN_QTY_TO_PICK></PRODUCT_INFO><PRODUCT_INFO><PRODUCT_CODE>186968</PRODUCT_CODE><QTY_TO_PICK>1</QTY_TO_PICK><PRN_QTY_TO_PICK>0</PRN_QTY_TO_PICK></PRODUCT_INFO><PRODUCT_INFO><PRODUCT_CODE>223</PRODUCT_CODE><QTY_TO_PICK>1</QTY_TO_PICK><PRN_QTY_TO_PICK>0</PRN_QTY_TO_PICK></PRODUCT_INFO><PRODUCT_INFO><PRODUCT_CODE>26835</PRODUCT_CODE><QTY_TO_PICK>1</QTY_TO_PICK><PRN_QTY_TO_PICK>1</PRN_QTY_TO_PICK></PRODUCT_INFO><PRODUCT_INFO><PRODUCT_CODE>37380</PRODUCT_CODE><QTY_TO_PICK>1</QTY_TO_PICK><PRN_QTY_TO_PICK>0</PRN_QTY_TO_PICK></PRODUCT_INFO><PRODUCT_INFO><PRODUCT_CODE>37389</PRODUCT_CODE><QTY_TO_PICK>3</QTY_TO_PICK><PRN_QTY_TO_PICK>0</PRN_QTY_TO_PICK></PRODUCT_INFO><PRODUCT_INFO><PRODUCT_CODE>3851</PRODUCT_CODE><QTY_TO_PICK>1</QTY_TO_PICK><PRN_QTY_TO_PICK>1</PRN_QTY_TO_PICK></PRODUCT_INFO><PRODUCT_INFO><PRODUCT_CODE>42096</PRODUCT_CODE><QTY_TO_PICK>1</QTY_TO_PICK><PRN_QTY_TO_PICK>1</PRN_QTY_TO_PICK></PRODUCT_INFO><PRODUCT_INFO><PRODUCT_CODE>58481</PRODUCT_CODE><QTY_TO_PICK>1</QTY_TO_PICK><PRN_QTY_TO_PICK>0</PRN_QTY_TO_PICK></PRODUCT_INFO><PRODUCT_INFO><PRODUCT_CODE>59309</PRODUCT_CODE><QTY_TO_PICK>1</QTY_TO_PICK><PRN_QTY_TO_PICK>0</PRN_QTY_TO_PICK></PRODUCT_INFO><PRODUCT_INFO><PRODUCT_CODE>77488</PRODUCT_CODE><QTY_TO_PICK>1</QTY_TO_PICK><PRN_QTY_TO_PICK>0</PRN_QTY_TO_PICK></PRODUCT_INFO><PRODUCT_INFO><PRODUCT_CODE>9896</PRODUCT_CODE><QTY_TO_PICK>1</QTY_TO_PICK><PRN_QTY_TO_PICK>0</PRN_QTY_TO_PICK></PRODUCT_INFO><PRODUCT_INFO><PRODUCT_CODE>SSICYS</PRODUCT_CODE><QTY_TO_PICK>1</QTY_TO_PICK><PRN_QTY_TO_PICK>0</PRN_QTY_TO_PICK></PRODUCT_INFO><PRODUCT_INFO><PRODUCT_CODE/><QTY_TO_PICK>1</QTY_TO_PICK><PRN_QTY_TO_PICK>0</PRN_QTY_TO_PICK></PRODUCT_INFO><PRODUCT_INFO><PRODUCT_CODE/><QTY_TO_PICK>1</QTY_TO_PICK><PRN_QTY_TO_PICK>0</PRN_QTY_TO_PICK></PRODUCT_INFO><PRODUCT_INFO><PRODUCT_CODE/><QTY_TO_PICK>1</QTY_TO_PICK><PRN_QTY_TO_PICK>0</PRN_QTY_TO_PICK></PRODUCT_INFO><PRODUCT_INFO><PRODUCT_CODE/><QTY_TO_PICK>1</QTY_TO_PICK><PRN_QTY_TO_PICK>0</PRN_QTY_TO_PICK></PRODUCT_INFO></CASE_INFO></PICK_SHEET_LOAD>",
         "Name": ""
      },
      {
         "Message": "<PICK_SHEET_LOAD><CASE_INFO><CASE_ID>2538243</CASE_ID><PRODUCT_INFO><PRODUCT_CODE>107842</PRODUCT_CODE><QTY_TO_PICK>1</QTY_TO_PICK><PRN_QTY_TO_PICK>1</PRN_QTY_TO_PICK></PRODUCT_INFO><PRODUCT_INFO><PRODUCT_CODE>17639</PRODUCT_CODE><QTY_TO_PICK>1</QTY_TO_PICK><PRN_QTY_TO_PICK>0</PRN_QTY_TO_PICK></PRODUCT_INFO><PRODUCT_INFO><PRODUCT_CODE>182606</PRODUCT_CODE><QTY_TO_PICK>1</QTY_TO_PICK><PRN_QTY_TO_PICK>0</PRN_QTY_TO_PICK></PRODUCT_INFO><PRODUCT_INFO><PRODUCT_CODE>182944</PRODUCT_CODE><QTY_TO_PICK>1</QTY_TO_PICK><PRN_QTY_TO_PICK>0</PRN_QTY_TO_PICK></PRODUCT_INFO><PRODUCT_INFO><PRODUCT_CODE>184080</PRODUCT_CODE><QTY_TO_PICK>1</QTY_TO_PICK><PRN_QTY_TO_PICK>0</PRN_QTY_TO_PICK></PRODUCT_INFO><PRODUCT_INFO><PRODUCT_CODE>184162</PRODUCT_CODE><QTY_TO_PICK>1</QTY_TO_PICK><PRN_QTY_TO_PICK>0</PRN_QTY_TO_PICK></PRODUCT_INFO><PRODUCT_INFO><PRODUCT_CODE>184853</PRODUCT_CODE><QTY_TO_PICK>1</QTY_TO_PICK><PRN_QTY_TO_PICK>0</PRN_QTY_TO_PICK></PRODUCT_INFO><PRODUCT_INFO><PRODUCT_CODE>71108</PRODUCT_CODE><QTY_TO_PICK>1</QTY_TO_PICK><PRN_QTY_TO_PICK>1</PRN_QTY_TO_PICK></PRODUCT_INFO><PRODUCT_INFO><PRODUCT_CODE>77442</PRODUCT_CODE><QTY_TO_PICK>1</QTY_TO_PICK><PRN_QTY_TO_PICK>0</PRN_QTY_TO_PICK></PRODUCT_INFO><PRODUCT_INFO><PRODUCT_CODE>77488</PRODUCT_CODE><QTY_TO_PICK>1</QTY_TO_PICK><PRN_QTY_TO_PICK>0</PRN_QTY_TO_PICK></PRODUCT_INFO><PRODUCT_INFO><PRODUCT_CODE>8776</PRODUCT_CODE><QTY_TO_PICK>1</QTY_TO_PICK><PRN_QTY_TO_PICK>1</PRN_QTY_TO_PICK></PRODUCT_INFO><PRODUCT_INFO><PRODUCT_CODE/><QTY_TO_PICK>1</QTY_TO_PICK><PRN_QTY_TO_PICK>0</PRN_QTY_TO_PICK></PRODUCT_INFO></CASE_INFO></PICK_SHEET_LOAD>",
         "Name": ""
      },
      {
         "Message": "<PICK_SHEET_LOAD><CASE_INFO><CASE_ID>2561260</CASE_ID><PRODUCT_INFO><PRODUCT_CODE>107981</PRODUCT_CODE><QTY_TO_PICK>1</QTY_TO_PICK><PRN_QTY_TO_PICK>1</PRN_QTY_TO_PICK></PRODUCT_INFO><PRODUCT_INFO><PRODUCT_CODE>112489</PRODUCT_CODE><QTY_TO_PICK>1</QTY_TO_PICK><PRN_QTY_TO_PICK>0</PRN_QTY_TO_PICK></PRODUCT_INFO><PRODUCT_INFO><PRODUCT_CODE>113303</PRODUCT_CODE><QTY_TO_PICK>1</QTY_TO_PICK><PRN_QTY_TO_PICK>1</PRN_QTY_TO_PICK></PRODUCT_INFO><PRODUCT_INFO><PRODUCT_CODE>122</PRODUCT_CODE><QTY_TO_PICK>1</QTY_TO_PICK><PRN_QTY_TO_PICK>0</PRN_QTY_TO_PICK></PRODUCT_INFO><PRODUCT_INFO><PRODUCT_CODE>122658</PRODUCT_CODE><QTY_TO_PICK>1</QTY_TO_PICK><PRN_QTY_TO_PICK>0</PRN_QTY_TO_PICK></PRODUCT_INFO><PRODUCT_INFO><PRODUCT_CODE>12943</PRODUCT_CODE><QTY_TO_PICK>1</QTY_TO_PICK><PRN_QTY_TO_PICK>0</PRN_QTY_TO_PICK></PRODUCT_INFO><PRODUCT_INFO><PRODUCT_CODE>1315</PRODUCT_CODE><QTY_TO_PICK>1</QTY_TO_PICK><PRN_QTY_TO_PICK>0</PRN_QTY_TO_PICK></PRODUCT_INFO><PRODUCT_INFO><PRODUCT_CODE>182599</PRODUCT_CODE><QTY_TO_PICK>1</QTY_TO_PICK><PRN_QTY_TO_PICK>0</PRN_QTY_TO_PICK></PRODUCT_INFO><PRODUCT_INFO><PRODUCT_CODE>182600</PRODUCT_CODE><QTY_TO_PICK>1</QTY_TO_PICK><PRN_QTY_TO_PICK>0</PRN_QTY_TO_PICK></PRODUCT_INFO><PRODUCT_INFO><PRODUCT_CODE>182944</PRODUCT_CODE><QTY_TO_PICK>1</QTY_TO_PICK><PRN_QTY_TO_PICK>0</PRN_QTY_TO_PICK></PRODUCT_INFO><PRODUCT_INFO><PRODUCT_CODE>184162</PRODUCT_CODE><QTY_TO_PICK>1</QTY_TO_PICK><PRN_QTY_TO_PICK>0</PRN_QTY_TO_PICK></PRODUCT_INFO><PRODUCT_INFO><PRODUCT_CODE>184165</PRODUCT_CODE><QTY_TO_PICK>1</QTY_TO_PICK><PRN_QTY_TO_PICK>0</PRN_QTY_TO_PICK></PRODUCT_INFO><PRODUCT_INFO><PRODUCT_CODE>184675</PRODUCT_CODE><QTY_TO_PICK>1</QTY_TO_PICK><PRN_QTY_TO_PICK>0</PRN_QTY_TO_PICK></PRODUCT_INFO><PRODUCT_INFO><PRODUCT_CODE>185758</PRODUCT_CODE><QTY_TO_PICK>1</QTY_TO_PICK><PRN_QTY_TO_PICK>0</PRN_QTY_TO_PICK></PRODUCT_INFO><PRODUCT_INFO><PRODUCT_CODE>186192</PRODUCT_CODE><QTY_TO_PICK>1</QTY_TO_PICK><PRN_QTY_TO_PICK>0</PRN_QTY_TO_PICK></PRODUCT_INFO><PRODUCT_INFO><PRODUCT_CODE>2079</PRODUCT_CODE><QTY_TO_PICK>1</QTY_TO_PICK><PRN_QTY_TO_PICK>1</PRN_QTY_TO_PICK></PRODUCT_INFO><PRODUCT_INFO><PRODUCT_CODE>223</PRODUCT_CODE><QTY_TO_PICK>1</QTY_TO_PICK><PRN_QTY_TO_PICK>0</PRN_QTY_TO_PICK></PRODUCT_INFO><PRODUCT_INFO><PRODUCT_CODE>2695</PRODUCT_CODE><QTY_TO_PICK>1</QTY_TO_PICK><PRN_QTY_TO_PICK>1</PRN_QTY_TO_PICK></PRODUCT_INFO><PRODUCT_INFO><PRODUCT_CODE>333</PRODUCT_CODE><QTY_TO_PICK>1</QTY_TO_PICK><PRN_QTY_TO_PICK>1</PRN_QTY_TO_PICK></PRODUCT_INFO><PRODUCT_INFO><PRODUCT_CODE>59309</PRODUCT_CODE><QTY_TO_PICK>1</QTY_TO_PICK><PRN_QTY_TO_PICK>0</PRN_QTY_TO_PICK></PRODUCT_INFO><PRODUCT_INFO><PRODUCT_CODE>7007</PRODUCT_CODE><QTY_TO_PICK>1</QTY_TO_PICK><PRN_QTY_TO_PICK>0</PRN_QTY_TO_PICK></PRODUCT_INFO><PRODUCT_INFO><PRODUCT_CODE>SSICYS</PRODUCT_CODE><QTY_TO_PICK>1</QTY_TO_PICK><PRN_QTY_TO_PICK>0</PRN_QTY_TO_PICK></PRODUCT_INFO><PRODUCT_INFO><PRODUCT_CODE/><QTY_TO_PICK>1</QTY_TO_PICK><PRN_QTY_TO_PICK>0</PRN_QTY_TO_PICK></PRODUCT_INFO><PRODUCT_INFO><PRODUCT_CODE/><QTY_TO_PICK>1</QTY_TO_PICK><PRN_QTY_TO_PICK>0</PRN_QTY_TO_PICK></PRODUCT_INFO><PRODUCT_INFO><PRODUCT_CODE/><QTY_TO_PICK>1</QTY_TO_PICK><PRN_QTY_TO_PICK>0</PRN_QTY_TO_PICK></PRODUCT_INFO></CASE_INFO></PICK_SHEET_LOAD>",
         "Name": ""
      },
      {
         "Message": "<PICK_SHEET_LOAD><CASE_INFO><CASE_ID>2556157</CASE_ID><PRODUCT_INFO><PRODUCT_CODE>1315</PRODUCT_CODE><QTY_TO_PICK>1</QTY_TO_PICK><PRN_QTY_TO_PICK>0</PRN_QTY_TO_PICK></PRODUCT_INFO><PRODUCT_INFO><PRODUCT_CODE>131978</PRODUCT_CODE><QTY_TO_PICK>1</QTY_TO_PICK><PRN_QTY_TO_PICK>0</PRN_QTY_TO_PICK></PRODUCT_INFO><PRODUCT_INFO><PRODUCT_CODE>145102</PRODUCT_CODE><QTY_TO_PICK>1</QTY_TO_PICK><PRN_QTY_TO_PICK>0</PRN_QTY_TO_PICK></PRODUCT_INFO><PRODUCT_INFO><PRODUCT_CODE>145820</PRODUCT_CODE><QTY_TO_PICK>1</QTY_TO_PICK><PRN_QTY_TO_PICK>0</PRN_QTY_TO_PICK></PRODUCT_INFO><PRODUCT_INFO><PRODUCT_CODE>1730</PRODUCT_CODE><QTY_TO_PICK>1</QTY_TO_PICK><PRN_QTY_TO_PICK>0</PRN_QTY_TO_PICK></PRODUCT_INFO><PRODUCT_INFO><PRODUCT_CODE>184162</PRODUCT_CODE><QTY_TO_PICK>1</QTY_TO_PICK><PRN_QTY_TO_PICK>0</PRN_QTY_TO_PICK></PRODUCT_INFO><PRODUCT_INFO><PRODUCT_CODE>23646</PRODUCT_CODE><QTY_TO_PICK>1</QTY_TO_PICK><PRN_QTY_TO_PICK>0</PRN_QTY_TO_PICK></PRODUCT_INFO><PRODUCT_INFO><PRODUCT_CODE>32270</PRODUCT_CODE><QTY_TO_PICK>2</QTY_TO_PICK><PRN_QTY_TO_PICK>0</PRN_QTY_TO_PICK></PRODUCT_INFO><PRODUCT_INFO><PRODUCT_CODE/><QTY_TO_PICK>1</QTY_TO_PICK><PRN_QTY_TO_PICK>0</PRN_QTY_TO_PICK></PRODUCT_INFO></CASE_INFO></PICK_SHEET_LOAD>",
         "Name": ""
      },
      {
         "Message": "<PICK_SHEET_LOAD><CASE_INFO><CASE_ID>2548618</CASE_ID><PRODUCT_INFO><PRODUCT_CODE>104634</PRODUCT_CODE><QTY_TO_PICK>1</QTY_TO_PICK><PRN_QTY_TO_PICK>0</PRN_QTY_TO_PICK></PRODUCT_INFO><PRODUCT_INFO><PRODUCT_CODE>107341</PRODUCT_CODE><QTY_TO_PICK>2</QTY_TO_PICK><PRN_QTY_TO_PICK>0</PRN_QTY_TO_PICK></PRODUCT_INFO><PRODUCT_INFO><PRODUCT_CODE>1183</PRODUCT_CODE><QTY_TO_PICK>1</QTY_TO_PICK><PRN_QTY_TO_PICK>0</PRN_QTY_TO_PICK></PRODUCT_INFO><PRODUCT_INFO><PRODUCT_CODE>122015</PRODUCT_CODE><QTY_TO_PICK>1</QTY_TO_PICK><PRN_QTY_TO_PICK>0</PRN_QTY_TO_PICK></PRODUCT_INFO><PRODUCT_INFO><PRODUCT_CODE>122658</PRODUCT_CODE><QTY_TO_PICK>1</QTY_TO_PICK><PRN_QTY_TO_PICK>0</PRN_QTY_TO_PICK></PRODUCT_INFO><PRODUCT_INFO><PRODUCT_CODE>12600</PRODUCT_CODE><QTY_TO_PICK>1</QTY_TO_PICK><PRN_QTY_TO_PICK>0</PRN_QTY_TO_PICK></PRODUCT_INFO><PRODUCT_INFO><PRODUCT_CODE>1274</PRODUCT_CODE><QTY_TO_PICK>1</QTY_TO_PICK><PRN_QTY_TO_PICK>0</PRN_QTY_TO_PICK></PRODUCT_INFO><PRODUCT_INFO><PRODUCT_CODE>16950</PRODUCT_CODE><QTY_TO_PICK>2</QTY_TO_PICK><PRN_QTY_TO_PICK>1</PRN_QTY_TO_PICK></PRODUCT_INFO><PRODUCT_INFO><PRODUCT_CODE>182600</PRODUCT_CODE><QTY_TO_PICK>1</QTY_TO_PICK><PRN_QTY_TO_PICK>0</PRN_QTY_TO_PICK></PRODUCT_INFO><PRODUCT_INFO><PRODUCT_CODE>182950</PRODUCT_CODE><QTY_TO_PICK>1</QTY_TO_PICK><PRN_QTY_TO_PICK>0</PRN_QTY_TO_PICK></PRODUCT_INFO><PRODUCT_INFO><PRODUCT_CODE>40826</PRODUCT_CODE><QTY_TO_PICK>1</QTY_TO_PICK><PRN_QTY_TO_PICK>0</PRN_QTY_TO_PICK></PRODUCT_INFO><PRODUCT_INFO><PRODUCT_CODE>41613</PRODUCT_CODE><QTY_TO_PICK>2</QTY_TO_PICK><PRN_QTY_TO_PICK>0</PRN_QTY_TO_PICK></PRODUCT_INFO><PRODUCT_INFO><PRODUCT_CODE>44825</PRODUCT_CODE><QTY_TO_PICK>2</QTY_TO_PICK><PRN_QTY_TO_PICK>0</PRN_QTY_TO_PICK></PRODUCT_INFO><PRODUCT_INFO><PRODUCT_CODE>58546</PRODUCT_CODE><QTY_TO_PICK>1</QTY_TO_PICK><PRN_QTY_TO_PICK>0</PRN_QTY_TO_PICK></PRODUCT_INFO><PRODUCT_INFO><PRODUCT_CODE>594</PRODUCT_CODE><QTY_TO_PICK>1</QTY_TO_PICK><PRN_QTY_TO_PICK>0</PRN_QTY_TO_PICK></PRODUCT_INFO><PRODUCT_INFO><PRODUCT_CODE>62319</PRODUCT_CODE><QTY_TO_PICK>1</QTY_TO_PICK><PRN_QTY_TO_PICK>0</PRN_QTY_TO_PICK></PRODUCT_INFO><PRODUCT_INFO><PRODUCT_CODE>77488</PRODUCT_CODE><QTY_TO_PICK>2</QTY_TO_PICK><PRN_QTY_TO_PICK>0</PRN_QTY_TO_PICK></PRODUCT_INFO><PRODUCT_INFO><PRODUCT_CODE>8170</PRODUCT_CODE><QTY_TO_PICK>1</QTY_TO_PICK><PRN_QTY_TO_PICK>0</PRN_QTY_TO_PICK></PRODUCT_INFO><PRODUCT_INFO><PRODUCT_CODE/><QTY_TO_PICK>1</QTY_TO_PICK><PRN_QTY_TO_PICK>0</PRN_QTY_TO_PICK></PRODUCT_INFO></CASE_INFO></PICK_SHEET_LOAD>",
         "Name": ""
      },
      {
         "Message": "<PICK_SHEET_LOAD><CASE_INFO><CASE_ID>2561760</CASE_ID><PRODUCT_INFO><PRODUCT_CODE>104763</PRODUCT_CODE><QTY_TO_PICK>1</QTY_TO_PICK><PRN_QTY_TO_PICK>0</PRN_QTY_TO_PICK></PRODUCT_INFO><PRODUCT_INFO><PRODUCT_CODE>105074</PRODUCT_CODE><QTY_TO_PICK>1</QTY_TO_PICK><PRN_QTY_TO_PICK>0</PRN_QTY_TO_PICK></PRODUCT_INFO><PRODUCT_INFO><PRODUCT_CODE>105075</PRODUCT_CODE><QTY_TO_PICK>1</QTY_TO_PICK><PRN_QTY_TO_PICK>0</PRN_QTY_TO_PICK></PRODUCT_INFO><PRODUCT_INFO><PRODUCT_CODE>105210</PRODUCT_CODE><QTY_TO_PICK>1</QTY_TO_PICK><PRN_QTY_TO_PICK>0</PRN_QTY_TO_PICK></PRODUCT_INFO><PRODUCT_INFO><PRODUCT_CODE>105615</PRODUCT_CODE><QTY_TO_PICK>1</QTY_TO_PICK><PRN_QTY_TO_PICK>0</PRN_QTY_TO_PICK></PRODUCT_INFO><PRODUCT_INFO><PRODUCT_CODE>109536</PRODUCT_CODE><QTY_TO_PICK>1</QTY_TO_PICK><PRN_QTY_TO_PICK>0</PRN_QTY_TO_PICK></PRODUCT_INFO><PRODUCT_INFO><PRODUCT_CODE>115143</PRODUCT_CODE><QTY_TO_PICK>1</QTY_TO_PICK><PRN_QTY_TO_PICK>0</PRN_QTY_TO_PICK></PRODUCT_INFO><PRODUCT_INFO><PRODUCT_CODE>122658</PRODUCT_CODE><QTY_TO_PICK>1</QTY_TO_PICK><PRN_QTY_TO_PICK>0</PRN_QTY_TO_PICK></PRODUCT_INFO><PRODUCT_INFO><PRODUCT_CODE>122658</PRODUCT_CODE><QTY_TO_PICK>1</QTY_TO_PICK><PRN_QTY_TO_PICK>0</PRN_QTY_TO_PICK></PRODUCT_INFO><PRODUCT_INFO><PRODUCT_CODE>12394</PRODUCT_CODE><QTY_TO_PICK>2</QTY_TO_PICK><PRN_QTY_TO_PICK>0</PRN_QTY_TO_PICK></PRODUCT_INFO><PRODUCT_INFO><PRODUCT_CODE>12600</PRODUCT_CODE><QTY_TO_PICK>1</QTY_TO_PICK><PRN_QTY_TO_PICK>0</PRN_QTY_TO_PICK></PRODUCT_INFO><PRODUCT_INFO><PRODUCT_CODE>12673</PRODUCT_CODE><QTY_TO_PICK>1</QTY_TO_PICK><PRN_QTY_TO_PICK>0</PRN_QTY_TO_PICK></PRODUCT_INFO><PRODUCT_INFO><PRODUCT_CODE>1274</PRODUCT_CODE><QTY_TO_PICK>1</QTY_TO_PICK><PRN_QTY_TO_PICK>0</PRN_QTY_TO_PICK></PRODUCT_INFO><PRODUCT_INFO><PRODUCT_CODE>12943</PRODUCT_CODE><QTY_TO_PICK>1</QTY_TO_PICK><PRN_QTY_TO_PICK>0</PRN_QTY_TO_PICK></PRODUCT_INFO><PRODUCT_INFO><PRODUCT_CODE>1315</PRODUCT_CODE><QTY_TO_PICK>1</QTY_TO_PICK><PRN_QTY_TO_PICK>0</PRN_QTY_TO_PICK></PRODUCT_INFO><PRODUCT_INFO><PRODUCT_CODE>200</PRODUCT_CODE><QTY_TO_PICK>1</QTY_TO_PICK><PRN_QTY_TO_PICK>0</PRN_QTY_TO_PICK></PRODUCT_INFO><PRODUCT_INFO><PRODUCT_CODE>209</PRODUCT_CODE><QTY_TO_PICK>1</QTY_TO_PICK><PRN_QTY_TO_PICK>0</PRN_QTY_TO_PICK></PRODUCT_INFO><PRODUCT_INFO><PRODUCT_CODE>223</PRODUCT_CODE><QTY_TO_PICK>1</QTY_TO_PICK><PRN_QTY_TO_PICK>0</PRN_QTY_TO_PICK></PRODUCT_INFO><PRODUCT_INFO><PRODUCT_CODE>2692</PRODUCT_CODE><QTY_TO_PICK>1</QTY_TO_PICK><PRN_QTY_TO_PICK>0</PRN_QTY_TO_PICK></PRODUCT_INFO><PRODUCT_INFO><PRODUCT_CODE>33273</PRODUCT_CODE><QTY_TO_PICK>1</QTY_TO_PICK><PRN_QTY_TO_PICK>0</PRN_QTY_TO_PICK></PRODUCT_INFO><PRODUCT_INFO><PRODUCT_CODE>38</PRODUCT_CODE><QTY_TO_PICK>1</QTY_TO_PICK><PRN_QTY_TO_PICK>0</PRN_QTY_TO_PICK></PRODUCT_INFO><PRODUCT_INFO><PRODUCT_CODE>3829</PRODUCT_CODE><QTY_TO_PICK>1</QTY_TO_PICK><PRN_QTY_TO_PICK>0</PRN_QTY_TO_PICK></PRODUCT_INFO><PRODUCT_INFO><PRODUCT_CODE>38699</PRODUCT_CODE><QTY_TO_PICK>1</QTY_TO_PICK><PRN_QTY_TO_PICK>1</PRN_QTY_TO_PICK></PRODUCT_INFO><PRODUCT_INFO><PRODUCT_CODE>38850</PRODUCT_CODE><QTY_TO_PICK>1</QTY_TO_PICK><PRN_QTY_TO_PICK>1</PRN_QTY_TO_PICK></PRODUCT_INFO><PRODUCT_INFO><PRODUCT_CODE>39</PRODUCT_CODE><QTY_TO_PICK>2</QTY_TO_PICK><PRN_QTY_TO_PICK>0</PRN_QTY_TO_PICK></PRODUCT_INFO><PRODUCT_INFO><PRODUCT_CODE>40188</PRODUCT_CODE><QTY_TO_PICK>1</QTY_TO_PICK><PRN_QTY_TO_PICK>0</PRN_QTY_TO_PICK></PRODUCT_INFO><PRODUCT_INFO><PRODUCT_CODE>4614</PRODUCT_CODE><QTY_TO_PICK>1</QTY_TO_PICK><PRN_QTY_TO_PICK>0</PRN_QTY_TO_PICK></PRODUCT_INFO><PRODUCT_INFO><PRODUCT_CODE>472</PRODUCT_CODE><QTY_TO_PICK>4</QTY_TO_PICK><PRN_QTY_TO_PICK>3</PRN_QTY_TO_PICK></PRODUCT_INFO><PRODUCT_INFO><PRODUCT_CODE>54737</PRODUCT_CODE><QTY_TO_PICK>1</QTY_TO_PICK><PRN_QTY_TO_PICK>0</PRN_QTY_TO_PICK></PRODUCT_INFO><PRODUCT_INFO><PRODUCT_CODE>55112</PRODUCT_CODE><QTY_TO_PICK>1</QTY_TO_PICK><PRN_QTY_TO_PICK>0</PRN_QTY_TO_PICK></PRODUCT_INFO><PRODUCT_INFO><PRODUCT_CODE>61569</PRODUCT_CODE><QTY_TO_PICK>1</QTY_TO_PICK><PRN_QTY_TO_PICK>0</PRN_QTY_TO_PICK></PRODUCT_INFO><PRODUCT_INFO><PRODUCT_CODE>62821</PRODUCT_CODE><QTY_TO_PICK>1</QTY_TO_PICK><PRN_QTY_TO_PICK>0</PRN_QTY_TO_PICK></PRODUCT_INFO><PRODUCT_INFO><PRODUCT_CODE>6306</PRODUCT_CODE><QTY_TO_PICK>1</QTY_TO_PICK><PRN_QTY_TO_PICK>0</PRN_QTY_TO_PICK></PRODUCT_INFO><PRODUCT_INFO><PRODUCT_CODE>77</PRODUCT_CODE><QTY_TO_PICK>1</QTY_TO_PICK><PRN_QTY_TO_PICK>0</PRN_QTY_TO_PICK></PRODUCT_INFO><PRODUCT_INFO><PRODUCT_CODE>77414</PRODUCT_CODE><QTY_TO_PICK>1</QTY_TO_PICK><PRN_QTY_TO_PICK>0</PRN_QTY_TO_PICK></PRODUCT_INFO><PRODUCT_INFO><PRODUCT_CODE>77442</PRODUCT_CODE><QTY_TO_PICK>3</QTY_TO_PICK><PRN_QTY_TO_PICK>2</PRN_QTY_TO_PICK></PRODUCT_INFO><PRODUCT_INFO><PRODUCT_CODE>8170</PRODUCT_CODE><QTY_TO_PICK>1</QTY_TO_PICK><PRN_QTY_TO_PICK>0</PRN_QTY_TO_PICK></PRODUCT_INFO><PRODUCT_INFO><PRODUCT_CODE>8170</PRODUCT_CODE><QTY_TO_PICK>1</QTY_TO_PICK><PRN_QTY_TO_PICK>0</PRN_QTY_TO_PICK></PRODUCT_INFO><PRODUCT_INFO><PRODUCT_CODE/><QTY_TO_PICK>1</QTY_TO_PICK><PRN_QTY_TO_PICK>0</PRN_QTY_TO_PICK></PRODUCT_INFO><PRODUCT_INFO><PRODUCT_CODE/><QTY_TO_PICK>1</QTY_TO_PICK><PRN_QTY_TO_PICK>1</PRN_QTY_TO_PICK></PRODUCT_INFO><PRODUCT_INFO><PRODUCT_CODE/><QTY_TO_PICK>1</QTY_TO_PICK><PRN_QTY_TO_PICK>0</PRN_QTY_TO_PICK></PRODUCT_INFO><PRODUCT_INFO><PRODUCT_CODE/><QTY_TO_PICK>1</QTY_TO_PICK><PRN_QTY_TO_PICK>0</PRN_QTY_TO_PICK></PRODUCT_INFO><PRODUCT_INFO><PRODUCT_CODE/><QTY_TO_PICK>1</QTY_TO_PICK><PRN_QTY_TO_PICK>0</PRN_QTY_TO_PICK></PRODUCT_INFO><PRODUCT_INFO><PRODUCT_CODE/><QTY_TO_PICK>1</QTY_TO_PICK><PRN_QTY_TO_PICK>0</PRN_QTY_TO_PICK></PRODUCT_INFO><PRODUCT_INFO><PRODUCT_CODE/><QTY_TO_PICK>1</QTY_TO_PICK><PRN_QTY_TO_PICK>0</PRN_QTY_TO_PICK></PRODUCT_INFO><PRODUCT_INFO><PRODUCT_CODE/><QTY_TO_PICK>1</QTY_TO_PICK><PRN_QTY_TO_PICK>0</PRN_QTY_TO_PICK></PRODUCT_INFO></CASE_INFO></PICK_SHEET_LOAD>",
         "Name": ""
      },
      {
         "Message": "<PICK_SHEET_LOAD><CASE_INFO><CASE_ID>2563867</CASE_ID><PRODUCT_INFO><PRODUCT_CODE>104436</PRODUCT_CODE><QTY_TO_PICK>1</QTY_TO_PICK><PRN_QTY_TO_PICK>0</PRN_QTY_TO_PICK><MAT_TYPE>Supply</MAT_TYPE><DESCRIPTION>SYR SLIP 10CC BX/100</DESCRIPTION></PRODUCT_INFO><PRODUCT_INFO><PRODUCT_CODE>107515</PRODUCT_CODE><QTY_TO_PICK>1</QTY_TO_PICK><PRN_QTY_TO_PICK>1</PRN_QTY_TO_PICK><MAT_TYPE>Supply</MAT_TYPE><DESCRIPTION>DRSG TELFA 3X8 CA/600 BX/50</DESCRIPTION></PRODUCT_INFO><PRODUCT_INFO><PRODUCT_CODE>119214</PRODUCT_CODE><QTY_TO_PICK>1</QTY_TO_PICK><PRN_QTY_TO_PICK>1</PRN_QTY_TO_PICK><MAT_TYPE>Supply</MAT_TYPE><DESCRIPTION>NDL TRANSBRONCHIAL ASPIRATION WANG 19G</DESCRIPTION></PRODUCT_INFO><PRODUCT_INFO><PRODUCT_CODE>120722</PRODUCT_CODE><QTY_TO_PICK>1</QTY_TO_PICK><PRN_QTY_TO_PICK>1</PRN_QTY_TO_PICK><MAT_TYPE>Implant</MAT_TYPE><DESCRIPTION>JAGWIRE PULMONARY GUIDEWIRE</DESCRIPTION></PRODUCT_INFO><PRODUCT_INFO><PRODUCT_CODE>1315</PRODUCT_CODE><QTY_TO_PICK>1</QTY_TO_PICK><PRN_QTY_TO_PICK>0</PRN_QTY_TO_PICK><MAT_TYPE>Supply</MAT_TYPE><DESCRIPTION>ELTRD PAD GROUND CA/50</DESCRIPTION></PRODUCT_INFO><PRODUCT_INFO><PRODUCT_CODE>142128</PRODUCT_CODE><QTY_TO_PICK>1</QTY_TO_PICK><PRN_QTY_TO_PICK>1</PRN_QTY_TO_PICK><MAT_TYPE>Supply</MAT_TYPE><DESCRIPTION>CAUTERY FLEXIBLE FOR BRONCHOSCOPE</DESCRIPTION></PRODUCT_INFO><PRODUCT_INFO><PRODUCT_CODE>149074</PRODUCT_CODE><QTY_TO_PICK>1</QTY_TO_PICK><PRN_QTY_TO_PICK>1</PRN_QTY_TO_PICK><MAT_TYPE>Supply</MAT_TYPE><DESCRIPTION>FRCP RADIAL JAW 3  2.2MM X 240 CM BIOPSY BX/40</DESCRIPTION></PRODUCT_INFO><PRODUCT_INFO><PRODUCT_CODE>15721</PRODUCT_CODE><QTY_TO_PICK>2</QTY_TO_PICK><PRN_QTY_TO_PICK>2</PRN_QTY_TO_PICK><MAT_TYPE>Supply</MAT_TYPE><DESCRIPTION>TRAP SPECIMEN SPUTUM   CA/50</DESCRIPTION></PRODUCT_INFO><PRODUCT_INFO><PRODUCT_CODE>160399</PRODUCT_CODE><QTY_TO_PICK>1</QTY_TO_PICK><PRN_QTY_TO_PICK>1</PRN_QTY_TO_PICK><MAT_TYPE>Supply</MAT_TYPE><DESCRIPTION>JAW TEFLON RAT TOOTH 2.4MMX230CM (Min 5)</DESCRIPTION></PRODUCT_INFO><PRODUCT_INFO><PRODUCT_CODE>16849</PRODUCT_CODE><QTY_TO_PICK>1</QTY_TO_PICK><PRN_QTY_TO_PICK>0</PRN_QTY_TO_PICK><MAT_TYPE>Supply</MAT_TYPE><DESCRIPTION>PD INSTR MAG MED 10X16 IN</DESCRIPTION></PRODUCT_INFO><PRODUCT_INFO><PRODUCT_CODE>182944</PRODUCT_CODE><QTY_TO_PICK>1</QTY_TO_PICK><PRN_QTY_TO_PICK>0</PRN_QTY_TO_PICK><MAT_TYPE>Supply</MAT_TYPE><DESCRIPTION>TUBE SUCTION COND 0.25INX12FT 20/CA</DESCRIPTION></PRODUCT_INFO><PRODUCT_INFO><PRODUCT_CODE>184080</PRODUCT_CODE><QTY_TO_PICK>1</QTY_TO_PICK><PRN_QTY_TO_PICK>0</PRN_QTY_TO_PICK><MAT_TYPE>Supply</MAT_TYPE><DESCRIPTION>DRAPE LG 57X76 20/CA</DESCRIPTION></PRODUCT_INFO><PRODUCT_INFO><PRODUCT_CODE>185743</PRODUCT_CODE><QTY_TO_PICK>1</QTY_TO_PICK><PRN_QTY_TO_PICK>0</PRN_QTY_TO_PICK><MAT_TYPE>Supply</MAT_TYPE><DESCRIPTION>ADAPTER FIBEROPTIC SWIV BRONSCP 25/BX</DESCRIPTION></PRODUCT_INFO><PRODUCT_INFO><PRODUCT_CODE>46352</PRODUCT_CODE><QTY_TO_PICK>1</QTY_TO_PICK><PRN_QTY_TO_PICK>0</PRN_QTY_TO_PICK><MAT_TYPE>Supply</MAT_TYPE><DESCRIPTION>PROTCT HEEL/ELB SKILL CRE</DESCRIPTION></PRODUCT_INFO><PRODUCT_INFO><PRODUCT_CODE>58550</PRODUCT_CODE><QTY_TO_PICK>1</QTY_TO_PICK><PRN_QTY_TO_PICK>0</PRN_QTY_TO_PICK><MAT_TYPE>Supply</MAT_TYPE><DESCRIPTION>TUBING VENODYNE CONNECTOR 15FT  CA/20</DESCRIPTION></PRODUCT_INFO><PRODUCT_INFO><PRODUCT_CODE>59309</PRODUCT_CODE><QTY_TO_PICK>1</QTY_TO_PICK><PRN_QTY_TO_PICK>0</PRN_QTY_TO_PICK><MAT_TYPE>Supply</MAT_TYPE><DESCRIPTION>SLV COMPRESSION CALF MED CA/25PR</DESCRIPTION></PRODUCT_INFO><PRODUCT_INFO><PRODUCT_CODE>65840</PRODUCT_CODE><QTY_TO_PICK>1</QTY_TO_PICK><PRN_QTY_TO_PICK>0</PRN_QTY_TO_PICK><MAT_TYPE>Supply</MAT_TYPE><DESCRIPTION>VLV SUX EVIS 160/200/240 BX/20</DESCRIPTION></PRODUCT_INFO><PRODUCT_INFO><PRODUCT_CODE>77488</PRODUCT_CODE><QTY_TO_PICK>1</QTY_TO_PICK><PRN_QTY_TO_PICK>0</PRN_QTY_TO_PICK><MAT_TYPE>Supply</MAT_TYPE><DESCRIPTION>DRSG GZ 4X4 12PLY STRL CA/128</DESCRIPTION></PRODUCT_INFO><PRODUCT_INFO><PRODUCT_CODE>9324</PRODUCT_CODE><QTY_TO_PICK>1</QTY_TO_PICK><PRN_QTY_TO_PICK>0</PRN_QTY_TO_PICK><MAT_TYPE>Supply</MAT_TYPE><DESCRIPTION>VLV BX BRONSCP DISP STRL BX/20</DESCRIPTION></PRODUCT_INFO><PRODUCT_INFO><PRODUCT_CODE/><QTY_TO_PICK>1</QTY_TO_PICK><PRN_QTY_TO_PICK>1</PRN_QTY_TO_PICK><MAT_TYPE>Tray</MAT_TYPE><DESCRIPTION>RIGID BRONCH TRAY</DESCRIPTION></PRODUCT_INFO></CASE_INFO></PICK_SHEET_LOAD>",
         "Name": ""
      },
      {
         "Message": "<PICK_SHEET_LOAD><CASE_INFO><CASE_ID>2564062</CASE_ID><PRODUCT_INFO><PRODUCT_CODE>122658</PRODUCT_CODE><QTY_TO_PICK>1</QTY_TO_PICK><PRN_QTY_TO_PICK>0</PRN_QTY_TO_PICK><MAT_TYPE>Supply</MAT_TYPE><DESCRIPTION>LBL MED BLANK STL W PEN BX/50</DESCRIPTION></PRODUCT_INFO><PRODUCT_INFO><PRODUCT_CODE>1315</PRODUCT_CODE><QTY_TO_PICK>1</QTY_TO_PICK><PRN_QTY_TO_PICK>0</PRN_QTY_TO_PICK><MAT_TYPE>Supply</MAT_TYPE><DESCRIPTION>ELTRD PAD GROUND CA/50</DESCRIPTION></PRODUCT_INFO><PRODUCT_INFO><PRODUCT_CODE>182944</PRODUCT_CODE><QTY_TO_PICK>1</QTY_TO_PICK><PRN_QTY_TO_PICK>0</PRN_QTY_TO_PICK><MAT_TYPE>Supply</MAT_TYPE><DESCRIPTION>TUBE SUCTION COND 0.25INX12FT 20/CA</DESCRIPTION></PRODUCT_INFO><PRODUCT_INFO><PRODUCT_CODE>186071</PRODUCT_CODE><QTY_TO_PICK>1</QTY_TO_PICK><PRN_QTY_TO_PICK>0</PRN_QTY_TO_PICK><MAT_TYPE>Supply</MAT_TYPE><DESCRIPTION>SOL ANTI FOG 20EA/CA</DESCRIPTION></PRODUCT_INFO><PRODUCT_INFO><PRODUCT_CODE>341</PRODUCT_CODE><QTY_TO_PICK>1</QTY_TO_PICK><PRN_QTY_TO_PICK>0</PRN_QTY_TO_PICK><MAT_TYPE>Supply</MAT_TYPE><DESCRIPTION>PROTCT TOOTH GARDENT AD DISP</DESCRIPTION></PRODUCT_INFO><PRODUCT_INFO><PRODUCT_CODE>39671</PRODUCT_CODE><QTY_TO_PICK>1</QTY_TO_PICK><PRN_QTY_TO_PICK>0</PRN_QTY_TO_PICK><MAT_TYPE>Supply</MAT_TYPE><DESCRIPTION>PROTECTOR HEEL CA/12PR</DESCRIPTION></PRODUCT_INFO><PRODUCT_INFO><PRODUCT_CODE>77442</PRODUCT_CODE><QTY_TO_PICK>2</QTY_TO_PICK><PRN_QTY_TO_PICK>0</PRN_QTY_TO_PICK><MAT_TYPE>Supply</MAT_TYPE><DESCRIPTION>SYR LUER LOK 10CC BX/100</DESCRIPTION></PRODUCT_INFO><PRODUCT_INFO><PRODUCT_CODE>77488</PRODUCT_CODE><QTY_TO_PICK>1</QTY_TO_PICK><PRN_QTY_TO_PICK>0</PRN_QTY_TO_PICK><MAT_TYPE>Supply</MAT_TYPE><DESCRIPTION>DRSG GZ 4X4 12PLY STRL CA/128</DESCRIPTION></PRODUCT_INFO><PRODUCT_INFO><PRODUCT_CODE>SSILARYN</PRODUCT_CODE><QTY_TO_PICK>1</QTY_TO_PICK><PRN_QTY_TO_PICK>0</PRN_QTY_TO_PICK><MAT_TYPE>Supply</MAT_TYPE><DESCRIPTION>LI|SSI LARYNGOSCOPY</DESCRIPTION></PRODUCT_INFO><PRODUCT_INFO><PRODUCT_CODE/><QTY_TO_PICK>1</QTY_TO_PICK><PRN_QTY_TO_PICK>0</PRN_QTY_TO_PICK><MAT_TYPE>Tray</MAT_TYPE><DESCRIPTION>5MM 0 DEGREE SCOPE (SSI)</DESCRIPTION></PRODUCT_INFO></CASE_INFO></PICK_SHEET_LOAD>",
         "Name": ""
      },
      {
         "Message": "<PICK_SHEET_LOAD><CASE_INFO><CASE_ID>2564065</CASE_ID><PRODUCT_INFO><PRODUCT_CODE>100499</PRODUCT_CODE><QTY_TO_PICK>1</QTY_TO_PICK><PRN_QTY_TO_PICK>1</PRN_QTY_TO_PICK><MAT_TYPE>Supply</MAT_TYPE><DESCRIPTION>PACKING GZ PLAIN 0.5IN CA/12</DESCRIPTION></PRODUCT_INFO><PRODUCT_INFO><PRODUCT_CODE>103</PRODUCT_CODE><QTY_TO_PICK>1</QTY_TO_PICK><PRN_QTY_TO_PICK>1</PRN_QTY_TO_PICK><MAT_TYPE>Supply</MAT_TYPE><DESCRIPTION>CATH FOLEY 16FR 5CC SIL COAT</DESCRIPTION></PRODUCT_INFO><PRODUCT_INFO><PRODUCT_CODE>105078</PRODUCT_CODE><QTY_TO_PICK>1</QTY_TO_PICK><PRN_QTY_TO_PICK>1</PRN_QTY_TO_PICK><MAT_TYPE>Supply</MAT_TYPE><DESCRIPTION>CULTURETTE DUAL SWAB ST 100/CT</DESCRIPTION></PRODUCT_INFO><PRODUCT_INFO><PRODUCT_CODE>109536</PRODUCT_CODE><QTY_TO_PICK>1</QTY_TO_PICK><PRN_QTY_TO_PICK>0</PRN_QTY_TO_PICK><MAT_TYPE>Supply</MAT_TYPE><DESCRIPTION>PREP KIT SURGICAL 20/CA</DESCRIPTION></PRODUCT_INFO><PRODUCT_INFO><PRODUCT_CODE>111333</PRODUCT_CODE><QTY_TO_PICK>1</QTY_TO_PICK><PRN_QTY_TO_PICK>1</PRN_QTY_TO_PICK><MAT_TYPE>Supply</MAT_TYPE><DESCRIPTION>CANISTR W/GEL INFOVAC 500ML CA/10</DESCRIPTION></PRODUCT_INFO><PRODUCT_INFO><PRODUCT_CODE>112489</PRODUCT_CODE><QTY_TO_PICK>1</QTY_TO_PICK><PRN_QTY_TO_PICK>0</PRN_QTY_TO_PICK><MAT_TYPE>Supply</MAT_TYPE><DESCRIPTION>SET CUSTOM DOUBLE BASIN</DESCRIPTION></PRODUCT_INFO><PRODUCT_INFO><PRODUCT_CODE>12196</PRODUCT_CODE><QTY_TO_PICK>1</QTY_TO_PICK><PRN_QTY_TO_PICK>0</PRN_QTY_TO_PICK><MAT_TYPE>Supply</MAT_TYPE><DESCRIPTION>TIP POOLE SUCT LF CA/50</DESCRIPTION></PRODUCT_INFO><PRODUCT_INFO><PRODUCT_CODE>122658</PRODUCT_CODE><QTY_TO_PICK>1</QTY_TO_PICK><PRN_QTY_TO_PICK>0</PRN_QTY_TO_PICK><MAT_TYPE>Supply</MAT_TYPE><DESCRIPTION>LBL MED BLANK STL W PEN BX/50</DESCRIPTION></PRODUCT_INFO><PRODUCT_INFO><PRODUCT_CODE>1315</PRODUCT_CODE><QTY_TO_PICK>1</QTY_TO_PICK><PRN_QTY_TO_PICK>0</PRN_QTY_TO_PICK><MAT_TYPE>Supply</MAT_TYPE><DESCRIPTION>ELTRD PAD GROUND CA/50</DESCRIPTION></PRODUCT_INFO><PRODUCT_INFO><PRODUCT_CODE>145699</PRODUCT_CODE><QTY_TO_PICK>1</QTY_TO_PICK><PRN_QTY_TO_PICK>0</PRN_QTY_TO_PICK><MAT_TYPE>Supply</MAT_TYPE><DESCRIPTION>SPNG LAP PAD W RING 18X18 PK/5</DESCRIPTION></PRODUCT_INFO><PRODUCT_INFO><PRODUCT_CODE>152600</PRODUCT_CODE><QTY_TO_PICK>1</QTY_TO_PICK><PRN_QTY_TO_PICK>0</PRN_QTY_TO_PICK><MAT_TYPE>Supply</MAT_TYPE><DESCRIPTION>PACK MINOR WITH LAP NS LIJ HEALTH</DESCRIPTION></PRODUCT_INFO><PRODUCT_INFO><PRODUCT_CODE>15322</PRODUCT_CODE><QTY_TO_PICK>1</QTY_TO_PICK><PRN_QTY_TO_PICK>1</PRN_QTY_TO_PICK><MAT_TYPE>Supply</MAT_TYPE><DESCRIPTION>TRAY CATH W/O CATH CA/20</DESCRIPTION></PRODUCT_INFO><PRODUCT_INFO><PRODUCT_CODE>180771</PRODUCT_CODE><QTY_TO_PICK>1</QTY_TO_PICK><PRN_QTY_TO_PICK>0</PRN_QTY_TO_PICK><MAT_TYPE>Supply</MAT_TYPE><DESCRIPTION>TOWEL OR BLU STRL 17X27 PK/4</DESCRIPTION></PRODUCT_INFO><PRODUCT_INFO><PRODUCT_CODE>184158</PRODUCT_CODE><QTY_TO_PICK>1</QTY_TO_PICK><PRN_QTY_TO_PICK>0</PRN_QTY_TO_PICK><MAT_TYPE>Supply</MAT_TYPE><DESCRIPTION>DRAPE LAP TRANSVESE 12/CA</DESCRIPTION></PRODUCT_INFO><PRODUCT_INFO><PRODUCT_CODE>184162</PRODUCT_CODE><QTY_TO_PICK>1</QTY_TO_PICK><PRN_QTY_TO_PICK>0</PRN_QTY_TO_PICK><MAT_TYPE>Supply</MAT_TYPE><DESCRIPTION>CNSTR SUX LNR LID 3000CC 50/CA</DESCRIPTION></PRODUCT_INFO><PRODUCT_INFO><PRODUCT_CODE>184165</PRODUCT_CODE><QTY_TO_PICK>1</QTY_TO_PICK><PRN_QTY_TO_PICK>0</PRN_QTY_TO_PICK><MAT_TYPE>Supply</MAT_TYPE><DESCRIPTION>PREP STICK SURG 20/CA</DESCRIPTION></PRODUCT_INFO><PRODUCT_INFO><PRODUCT_CODE>20224</PRODUCT_CODE><QTY_TO_PICK>1</QTY_TO_PICK><PRN_QTY_TO_PICK>0</PRN_QTY_TO_PICK><MAT_TYPE>Supply</MAT_TYPE><DESCRIPTION>STRIP SKIN CLOSURE 0.5X4 BX/50</DESCRIPTION></PRODUCT_INFO><PRODUCT_INFO><PRODUCT_CODE>21224</PRODUCT_CODE><QTY_TO_PICK>1</QTY_TO_PICK><PRN_QTY_TO_PICK>0</PRN_QTY_TO_PICK><MAT_TYPE>Supply</MAT_TYPE><DESCRIPTION>STPL SKIN ROT HD REG 35</DESCRIPTION></PRODUCT_INFO><PRODUCT_INFO><PRODUCT_CODE>223</PRODUCT_CODE><QTY_TO_PICK>1</QTY_TO_PICK><PRN_QTY_TO_PICK>0</PRN_QTY_TO_PICK><MAT_TYPE>Supply</MAT_TYPE><DESCRIPTION>SYR LUER LOK 20CC BX/40</DESCRIPTION></PRODUCT_INFO><PRODUCT_INFO><PRODUCT_CODE>39671</PRODUCT_CODE><QTY_TO_PICK>1</QTY_TO_PICK><PRN_QTY_TO_PICK>0</PRN_QTY_TO_PICK><MAT_TYPE>Supply</MAT_TYPE><DESCRIPTION>PROTECTOR HEEL CA/12PR</DESCRIPTION></PRODUCT_INFO><PRODUCT_INFO><PRODUCT_CODE>58550</PRODUCT_CODE><QTY_TO_PICK>1</QTY_TO_PICK><PRN_QTY_TO_PICK>0</PRN_QTY_TO_PICK><MAT_TYPE>Supply</MAT_TYPE><DESCRIPTION>TUBING VENODYNE CONNECTOR 15FT  CA/20</DESCRIPTION></PRODUCT_INFO><PRODUCT_INFO><PRODUCT_CODE>59309</PRODUCT_CODE><QTY_TO_PICK>1</QTY_TO_PICK><PRN_QTY_TO_PICK>0</PRN_QTY_TO_PICK><MAT_TYPE>Supply</MAT_TYPE><DESCRIPTION>SLV COMPRESSION CALF MED CA/25PR</DESCRIPTION></PRODUCT_INFO><PRODUCT_INFO><PRODUCT_CODE>7007</PRODUCT_CODE><QTY_TO_PICK>1</QTY_TO_PICK><PRN_QTY_TO_PICK>1</PRN_QTY_TO_PICK><MAT_TYPE>Supply</MAT_TYPE><DESCRIPTION>BAG URINE W 350 METER 2L BAG CA/10</DESCRIPTION></PRODUCT_INFO><PRODUCT_INFO><PRODUCT_CODE/><QTY_TO_PICK>1</QTY_TO_PICK><PRN_QTY_TO_PICK>0</PRN_QTY_TO_PICK><MAT_TYPE>Tray</MAT_TYPE><DESCRIPTION>LI|TRAY MINOR SET</DESCRIPTION></PRODUCT_INFO><PRODUCT_INFO><PRODUCT_CODE/><QTY_TO_PICK>1</QTY_TO_PICK><PRN_QTY_TO_PICK>0</PRN_QTY_TO_PICK><MAT_TYPE>Tray</MAT_TYPE><DESCRIPTION>MAJOR SET TRAY</DESCRIPTION></PRODUCT_INFO></CASE_INFO></PICK_SHEET_LOAD>",
         "Name": ""
      },
      {
         "Message": "<PICK_SHEET_LOAD><CASE_INFO><CASE_ID>2602711</CASE_ID><PRODUCT_INFO><PRODUCT_CODE>122658</PRODUCT_CODE><QTY_TO_PICK>1</QTY_TO_PICK><PRN_QTY_TO_PICK>0</PRN_QTY_TO_PICK><MAT_TYPE>Supply</MAT_TYPE><DESCRIPTION>LBL MED BLANK STL W PEN BX/50</DESCRIPTION></PRODUCT_INFO><PRODUCT_INFO><PRODUCT_CODE>12394</PRODUCT_CODE><QTY_TO_PICK>1</QTY_TO_PICK><PRN_QTY_TO_PICK>0</PRN_QTY_TO_PICK><MAT_TYPE>Supply</MAT_TYPE><DESCRIPTION>DRAPE LG 57X76</DESCRIPTION></PRODUCT_INFO><PRODUCT_INFO><PRODUCT_CODE>17639</PRODUCT_CODE><QTY_TO_PICK>1</QTY_TO_PICK><PRN_QTY_TO_PICK>0</PRN_QTY_TO_PICK><MAT_TYPE>Supply</MAT_TYPE><DESCRIPTION>BLDE MYR ARROW</DESCRIPTION></PRODUCT_INFO><PRODUCT_INFO><PRODUCT_CODE>182944</PRODUCT_CODE><QTY_TO_PICK>1</QTY_TO_PICK><PRN_QTY_TO_PICK>0</PRN_QTY_TO_PICK><MAT_TYPE>Supply</MAT_TYPE><DESCRIPTION>TUBE SUCTION COND 0.25INX12FT 20/CA</DESCRIPTION></PRODUCT_INFO><PRODUCT_INFO><PRODUCT_CODE>61569</PRODUCT_CODE><QTY_TO_PICK>1</QTY_TO_PICK><PRN_QTY_TO_PICK>0</PRN_QTY_TO_PICK><MAT_TYPE>Supply</MAT_TYPE><DESCRIPTION>CNSTR SUX LNR LID 3000CC</DESCRIPTION></PRODUCT_INFO><PRODUCT_INFO><PRODUCT_CODE>61664</PRODUCT_CODE><QTY_TO_PICK>1</QTY_TO_PICK><PRN_QTY_TO_PICK>0</PRN_QTY_TO_PICK><MAT_TYPE>Supply</MAT_TYPE><DESCRIPTION>DRAPE TWL 6.25 x 4.25 CA/120 2/PK 120PKS/CA</DESCRIPTION></PRODUCT_INFO><PRODUCT_INFO><PRODUCT_CODE>77442</PRODUCT_CODE><QTY_TO_PICK>1</QTY_TO_PICK><PRN_QTY_TO_PICK>0</PRN_QTY_TO_PICK><MAT_TYPE>Supply</MAT_TYPE><DESCRIPTION>SYR LUER LOK 10CC BX/100</DESCRIPTION></PRODUCT_INFO><PRODUCT_INFO><PRODUCT_CODE>77488</PRODUCT_CODE><QTY_TO_PICK>1</QTY_TO_PICK><PRN_QTY_TO_PICK>0</PRN_QTY_TO_PICK><MAT_TYPE>Supply</MAT_TYPE><DESCRIPTION>DRSG GZ 4X4 12PLY STRL CA/128</DESCRIPTION></PRODUCT_INFO><PRODUCT_INFO><PRODUCT_CODE/><QTY_TO_PICK>1</QTY_TO_PICK><PRN_QTY_TO_PICK>0</PRN_QTY_TO_PICK><MAT_TYPE>Tray</MAT_TYPE><DESCRIPTION>IPK|TRAY Myringotomy</DESCRIPTION></PRODUCT_INFO></CASE_INFO></PICK_SHEET_LOAD>",
         "Name": ""
      },
      {
         "Message": "<PICK_SHEET_LOAD><CASE_INFO><CASE_ID>2609691</CASE_ID><PRODUCT_INFO><PRODUCT_CODE>100656</PRODUCT_CODE><QTY_TO_PICK>10</QTY_TO_PICK><PRN_QTY_TO_PICK>0</PRN_QTY_TO_PICK><MAT_TYPE>Supply</MAT_TYPE><DESCRIPTION>SWABS STERILE DACRON CS/10 PK/100 C12-31-03</DESCRIPTION></PRODUCT_INFO><PRODUCT_INFO><PRODUCT_CODE>104795</PRODUCT_CODE><QTY_TO_PICK>1</QTY_TO_PICK><PRN_QTY_TO_PICK>0</PRN_QTY_TO_PICK><MAT_TYPE>Supply</MAT_TYPE><DESCRIPTION>TRAY PED OPEN HEART AUXILARY ORDER IN MULT OF 2</DESCRIPTION></PRODUCT_INFO><PRODUCT_INFO><PRODUCT_CODE>105188</PRODUCT_CODE><QTY_TO_PICK>4</QTY_TO_PICK><PRN_QTY_TO_PICK>4</PRN_QTY_TO_PICK><MAT_TYPE>Implant</MAT_TYPE><DESCRIPTION>M25 WHT WIRE PACING TEMP</DESCRIPTION></PRODUCT_INFO><PRODUCT_INFO><PRODUCT_CODE>105255</PRODUCT_CODE><QTY_TO_PICK>1</QTY_TO_PICK><PRN_QTY_TO_PICK>0</PRN_QTY_TO_PICK><MAT_TYPE>Supply</MAT_TYPE><DESCRIPTION>TWL PED STER 4/PK 20PK/CA</DESCRIPTION></PRODUCT_INFO><PRODUCT_INFO><PRODUCT_CODE>108557</PRODUCT_CODE><QTY_TO_PICK>1</QTY_TO_PICK><PRN_QTY_TO_PICK>0</PRN_QTY_TO_PICK><MAT_TYPE>Supply</MAT_TYPE><DESCRIPTION>TAPE POLYESTER 1/8IN WIDE BX/36</DESCRIPTION></PRODUCT_INFO><PRODUCT_INFO><PRODUCT_CODE>112489</PRODUCT_CODE><QTY_TO_PICK>2</QTY_TO_PICK><PRN_QTY_TO_PICK>0</PRN_QTY_TO_PICK><MAT_TYPE>Supply</MAT_TYPE><DESCRIPTION>SET CUSTOM DOUBLE BASIN</DESCRIPTION></PRODUCT_INFO><PRODUCT_INFO><PRODUCT_CODE>12111</PRODUCT_CODE><QTY_TO_PICK>1</QTY_TO_PICK><PRN_QTY_TO_PICK>1</PRN_QTY_TO_PICK><MAT_TYPE>Supply</MAT_TYPE><DESCRIPTION>CATH URET NELATON 14FR</DESCRIPTION></PRODUCT_INFO><PRODUCT_INFO><PRODUCT_CODE>122658</PRODUCT_CODE><QTY_TO_PICK>1</QTY_TO_PICK><PRN_QTY_TO_PICK>0</PRN_QTY_TO_PICK><MAT_TYPE>Supply</MAT_TYPE><DESCRIPTION>LBL MED BLANK STL W PEN BX/50</DESCRIPTION></PRODUCT_INFO><PRODUCT_INFO><PRODUCT_CODE>124203</PRODUCT_CODE><QTY_TO_PICK>1</QTY_TO_PICK><PRN_QTY_TO_PICK>0</PRN_QTY_TO_PICK><MAT_TYPE>Supply</MAT_TYPE><DESCRIPTION>TAPE SURG DURAPORE 2INX10YD</DESCRIPTION></PRODUCT_INFO><PRODUCT_INFO><PRODUCT_CODE>131086</PRODUCT_CODE><QTY_TO_PICK>2</QTY_TO_PICK><PRN_QTY_TO_PICK>0</PRN_QTY_TO_PICK><MAT_TYPE>Supply</MAT_TYPE><DESCRIPTION>STRAP PATIENT SAFETY 3IN X60IN</DESCRIPTION></PRODUCT_INFO><PRODUCT_INFO><PRODUCT_CODE>137420</PRODUCT_CODE><QTY_TO_PICK>1</QTY_TO_PICK><PRN_QTY_TO_PICK>0</PRN_QTY_TO_PICK><MAT_TYPE>Supply</MAT_TYPE><DESCRIPTION>PLEDGET SOFT POLY 1/4X1/8X1/16 BX/12  30/PKT  12PKTS/BX</DESCRIPTION></PRODUCT_INFO><PRODUCT_INFO><PRODUCT_CODE>142947</PRODUCT_CODE><QTY_TO_PICK>1</QTY_TO_PICK><PRN_QTY_TO_PICK>0</PRN_QTY_TO_PICK><MAT_TYPE>Supply</MAT_TYPE><DESCRIPTION>NDL HYPO SAFE 20GX1IN EDGE CA/1000 10BXS/CA BX/100</DESCRIPTION></PRODUCT_INFO><PRODUCT_INFO><PRODUCT_CODE>148361</PRODUCT_CODE><QTY_TO_PICK>1</QTY_TO_PICK><PRN_QTY_TO_PICK>0</PRN_QTY_TO_PICK><MAT_TYPE>Supply</MAT_TYPE><DESCRIPTION>TOURNIQUET KIT 5.5IN PK/40</DESCRIPTION></PRODUCT_INFO><PRODUCT_INFO><PRODUCT_CODE>155196</PRODUCT_CODE><QTY_TO_PICK>1</QTY_TO_PICK><PRN_QTY_TO_PICK>0</PRN_QTY_TO_PICK><MAT_TYPE>Supply</MAT_TYPE><DESCRIPTION>BLDE STD 2.5IN ELECTRODE MODIFIED</DESCRIPTION></PRODUCT_INFO><PRODUCT_INFO><PRODUCT_CODE>159751</PRODUCT_CODE><QTY_TO_PICK>1</QTY_TO_PICK><PRN_QTY_TO_PICK>0</PRN_QTY_TO_PICK><MAT_TYPE>Supply</MAT_TYPE><DESCRIPTION>PREP SKIN ONESTEP 2% CHG 10.5ML ORG</DESCRIPTION></PRODUCT_INFO><PRODUCT_INFO><PRODUCT_CODE>169</PRODUCT_CODE><QTY_TO_PICK>1</QTY_TO_PICK><PRN_QTY_TO_PICK>1</PRN_QTY_TO_PICK><MAT_TYPE>Implant</MAT_TYPE><DESCRIPTION>WAX BONE 2.5GM</DESCRIPTION></PRODUCT_INFO><PRODUCT_INFO><PRODUCT_CODE>175520</PRODUCT_CODE><QTY_TO_PICK>4</QTY_TO_PICK><PRN_QTY_TO_PICK>0</PRN_QTY_TO_PICK><MAT_TYPE>Supply</MAT_TYPE><DESCRIPTION>SUT SLK 4-0 24IN RB1 DA</DESCRIPTION></PRODUCT_INFO><PRODUCT_INFO><PRODUCT_CODE>175983</PRODUCT_CODE><QTY_TO_PICK>1</QTY_TO_PICK><PRN_QTY_TO_PICK>0</PRN_QTY_TO_PICK><MAT_TYPE>Supply</MAT_TYPE><DESCRIPTION>PAD GROUND 9FT CBL INF 15IN 25/CA</DESCRIPTION></PRODUCT_INFO><PRODUCT_INFO><PRODUCT_CODE>180395</PRODUCT_CODE><QTY_TO_PICK>2</QTY_TO_PICK><PRN_QTY_TO_PICK>0</PRN_QTY_TO_PICK><MAT_TYPE>Supply</MAT_TYPE><DESCRIPTION>SUT SLK 4-0 24IN RB1 DA 36 EA/BX</DESCRIPTION></PRODUCT_INFO><PRODUCT_INFO><PRODUCT_CODE>180398</PRODUCT_CODE><QTY_TO_PICK>1</QTY_TO_PICK><PRN_QTY_TO_PICK>0</PRN_QTY_TO_PICK><MAT_TYPE>Supply</MAT_TYPE><DESCRIPTION>SUT SLK 4-0 18IN MP 36 EA/BX</DESCRIPTION></PRODUCT_INFO><PRODUCT_INFO><PRODUCT_CODE>180404</PRODUCT_CODE><QTY_TO_PICK>1</QTY_TO_PICK><PRN_QTY_TO_PICK>0</PRN_QTY_TO_PICK><MAT_TYPE>Supply</MAT_TYPE><DESCRIPTION>SUT SLK 3-0 18IN MP 36 EA/BX</DESCRIPTION></PRODUCT_INFO><PRODUCT_INFO><PRODUCT_CODE>180407</PRODUCT_CODE><QTY_TO_PICK>2</QTY_TO_PICK><PRN_QTY_TO_PICK>0</PRN_QTY_TO_PICK><MAT_TYPE>Supply</MAT_TYPE><DESCRIPTION>SUT SLK 2-0 18IN SH CR MULTI 36 EA/BX</DESCRIPTION></PRODUCT_INFO><PRODUCT_INFO><PRODUCT_CODE>180408</PRODUCT_CODE><QTY_TO_PICK>1</QTY_TO_PICK><PRN_QTY_TO_PICK>0</PRN_QTY_TO_PICK><MAT_TYPE>Supply</MAT_TYPE><DESCRIPTION>SUT SLK 2-0 18IN MP 36 EA/BX</DESCRIPTION></PRODUCT_INFO><PRODUCT_INFO><PRODUCT_CODE>180415</PRODUCT_CODE><QTY_TO_PICK>1</QTY_TO_PICK><PRN_QTY_TO_PICK>0</PRN_QTY_TO_PICK><MAT_TYPE>Supply</MAT_TYPE><DESCRIPTION>SUT SILK 0 TIES 2DZ/BX ETH 12 EA/BX</DESCRIPTION></PRODUCT_INFO><PRODUCT_INFO><PRODUCT_CODE>180427</PRODUCT_CODE><QTY_TO_PICK>2</QTY_TO_PICK><PRN_QTY_TO_PICK>0</PRN_QTY_TO_PICK><MAT_TYPE>Supply</MAT_TYPE><DESCRIPTION>SUT PROL 6-0 24IN BV1 DA 12 EA/BX</DESCRIPTION></PRODUCT_INFO><PRODUCT_INFO><PRODUCT_CODE>180430</PRODUCT_CODE><QTY_TO_PICK>2</QTY_TO_PICK><PRN_QTY_TO_PICK>0</PRN_QTY_TO_PICK><MAT_TYPE>Supply</MAT_TYPE><DESCRIPTION>SUT PROL 5-0 30IN RB2 DA MP 12 EA/BX</DESCRIPTION></PRODUCT_INFO><PRODUCT_INFO><PRODUCT_CODE>180771</PRODUCT_CODE><QTY_TO_PICK>2</QTY_TO_PICK><PRN_QTY_TO_PICK>0</PRN_QTY_TO_PICK><MAT_TYPE>Supply</MAT_TYPE><DESCRIPTION>TOWEL OR BLU STRL 17X27 PK/4</DESCRIPTION></PRODUCT_INFO><PRODUCT_INFO><PRODUCT_CODE>182584</PRODUCT_CODE><QTY_TO_PICK>1</QTY_TO_PICK><PRN_QTY_TO_PICK>0</PRN_QTY_TO_PICK><MAT_TYPE>Supply</MAT_TYPE><DESCRIPTION>ELTRD MULTIFUNCTION PED 6/CA</DESCRIPTION></PRODUCT_INFO><PRODUCT_INFO><PRODUCT_CODE>182599</PRODUCT_CODE><QTY_TO_PICK>4</QTY_TO_PICK><PRN_QTY_TO_PICK>0</PRN_QTY_TO_PICK><MAT_TYPE>Supply</MAT_TYPE><DESCRIPTION>GOWN SURG IMPERV STRL LG 20/CA</DESCRIPTION></PRODUCT_INFO><PRODUCT_INFO><PRODUCT_CODE>182944</PRODUCT_CODE><QTY_TO_PICK>1</QTY_TO_PICK><PRN_QTY_TO_PICK>0</PRN_QTY_TO_PICK><MAT_TYPE>Supply</MAT_TYPE><DESCRIPTION>TUBE SUCTION COND 0.25INX12FT 20/CA</DESCRIPTION></PRODUCT_INFO><PRODUCT_INFO><PRODUCT_CODE>184901</PRODUCT_CODE><QTY_TO_PICK>1</QTY_TO_PICK><PRN_QTY_TO_PICK>0</PRN_QTY_TO_PICK><MAT_TYPE>Supply</MAT_TYPE><DESCRIPTION>DRAPE INCIS 23X33IN 10/BX</DESCRIPTION></PRODUCT_INFO><PRODUCT_INFO><PRODUCT_CODE>19587</PRODUCT_CODE><QTY_TO_PICK>1</QTY_TO_PICK><PRN_QTY_TO_PICK>0</PRN_QTY_TO_PICK><MAT_TYPE>Supply</MAT_TYPE><DESCRIPTION>CLP LIG ADH W SLOT SM</DESCRIPTION></PRODUCT_INFO><PRODUCT_INFO><PRODUCT_CODE>196296</PRODUCT_CODE><QTY_TO_PICK>2</QTY_TO_PICK><PRN_QTY_TO_PICK>0</PRN_QTY_TO_PICK><MAT_TYPE>Supply</MAT_TYPE><DESCRIPTION>STRAP ARMBOARD VELCRO TS-30 12</DESCRIPTION></PRODUCT_INFO><PRODUCT_INFO><PRODUCT_CODE>20325</PRODUCT_CODE><QTY_TO_PICK>1</QTY_TO_PICK><PRN_QTY_TO_PICK>0</PRN_QTY_TO_PICK><MAT_TYPE>Supply</MAT_TYPE><DESCRIPTION>CLP LIG ADH PD MED</DESCRIPTION></PRODUCT_INFO><PRODUCT_INFO><PRODUCT_CODE>21136</PRODUCT_CODE><QTY_TO_PICK>1</QTY_TO_PICK><PRN_QTY_TO_PICK>0</PRN_QTY_TO_PICK><MAT_TYPE>Supply</MAT_TYPE><DESCRIPTION>TAPE ADH 3INX10YD LF</DESCRIPTION></PRODUCT_INFO><PRODUCT_INFO><PRODUCT_CODE>2692</PRODUCT_CODE><QTY_TO_PICK>1</QTY_TO_PICK><PRN_QTY_TO_PICK>0</PRN_QTY_TO_PICK><MAT_TYPE>Supply</MAT_TYPE><DESCRIPTION>TUBE SUCTION YANKAUER</DESCRIPTION></PRODUCT_INFO><PRODUCT_INFO><PRODUCT_CODE>3874</PRODUCT_CODE><QTY_TO_PICK>1</QTY_TO_PICK><PRN_QTY_TO_PICK>0</PRN_QTY_TO_PICK><MAT_TYPE>Supply</MAT_TYPE><DESCRIPTION>CONN SUX TUBE 0.25X0.25IN  CA/24</DESCRIPTION></PRODUCT_INFO><PRODUCT_INFO><PRODUCT_CODE>3892</PRODUCT_CODE><QTY_TO_PICK>1</QTY_TO_PICK><PRN_QTY_TO_PICK>1</PRN_QTY_TO_PICK><MAT_TYPE>Implant</MAT_TYPE><DESCRIPTION>CANN AOR ROOT FLNG 4FRX6.4CM</DESCRIPTION></PRODUCT_INFO><PRODUCT_INFO><PRODUCT_CODE>3931</PRODUCT_CODE><QTY_TO_PICK>1</QTY_TO_PICK><PRN_QTY_TO_PICK>0</PRN_QTY_TO_PICK><MAT_TYPE>Supply</MAT_TYPE><DESCRIPTION>ADPT CARDIOPL VENT Y 19.1CM</DESCRIPTION></PRODUCT_INFO><PRODUCT_INFO><PRODUCT_CODE>39662</PRODUCT_CODE><QTY_TO_PICK>1</QTY_TO_PICK><PRN_QTY_TO_PICK>0</PRN_QTY_TO_PICK><MAT_TYPE>Supply</MAT_TYPE><DESCRIPTION>BLNKT WARM PED</DESCRIPTION></PRODUCT_INFO><PRODUCT_INFO><PRODUCT_CODE>40377</PRODUCT_CODE><QTY_TO_PICK>1</QTY_TO_PICK><PRN_QTY_TO_PICK>0</PRN_QTY_TO_PICK><MAT_TYPE>Supply</MAT_TYPE><DESCRIPTION>TB ET UNCUFF PED-SOFT 3.5MM</DESCRIPTION></PRODUCT_INFO><PRODUCT_INFO><PRODUCT_CODE>4232</PRODUCT_CODE><QTY_TO_PICK>1</QTY_TO_PICK><PRN_QTY_TO_PICK>0</PRN_QTY_TO_PICK><MAT_TYPE>Supply</MAT_TYPE><DESCRIPTION>TAPE SURG MICROFOAM 2INX5.5YD</DESCRIPTION></PRODUCT_INFO><PRODUCT_INFO><PRODUCT_CODE>49842</PRODUCT_CODE><QTY_TO_PICK>1</QTY_TO_PICK><PRN_QTY_TO_PICK>0</PRN_QTY_TO_PICK><MAT_TYPE>Supply</MAT_TYPE><DESCRIPTION>TY OPN HRT DRAPE PK  PED CUST</DESCRIPTION></PRODUCT_INFO><PRODUCT_INFO><PRODUCT_CODE>52838</PRODUCT_CODE><QTY_TO_PICK>1</QTY_TO_PICK><PRN_QTY_TO_PICK>0</PRN_QTY_TO_PICK><MAT_TYPE>Supply</MAT_TYPE><DESCRIPTION>BLDE STERILIZING</DESCRIPTION></PRODUCT_INFO><PRODUCT_INFO><PRODUCT_CODE>59309</PRODUCT_CODE><QTY_TO_PICK>1</QTY_TO_PICK><PRN_QTY_TO_PICK>0</PRN_QTY_TO_PICK><MAT_TYPE>Supply</MAT_TYPE><DESCRIPTION>SLV COMPRESSION CALF MED CA/25PR</DESCRIPTION></PRODUCT_INFO><PRODUCT_INFO><PRODUCT_CODE>5992</PRODUCT_CODE><QTY_TO_PICK>4</QTY_TO_PICK><PRN_QTY_TO_PICK>0</PRN_QTY_TO_PICK><MAT_TYPE>Supply</MAT_TYPE><DESCRIPTION>COUNT NDL</DESCRIPTION></PRODUCT_INFO><PRODUCT_INFO><PRODUCT_CODE>6379</PRODUCT_CODE><QTY_TO_PICK>1</QTY_TO_PICK><PRN_QTY_TO_PICK>0</PRN_QTY_TO_PICK><MAT_TYPE>Supply</MAT_TYPE><DESCRIPTION>SET CHEST DRNGE DRY ADL</DESCRIPTION></PRODUCT_INFO><PRODUCT_INFO><PRODUCT_CODE>6469</PRODUCT_CODE><QTY_TO_PICK>1</QTY_TO_PICK><PRN_QTY_TO_PICK>0</PRN_QTY_TO_PICK><MAT_TYPE>Supply</MAT_TYPE><DESCRIPTION>DRN WND RND BLAK 15FR</DESCRIPTION></PRODUCT_INFO><PRODUCT_INFO><PRODUCT_CODE>7007</PRODUCT_CODE><QTY_TO_PICK>1</QTY_TO_PICK><PRN_QTY_TO_PICK>0</PRN_QTY_TO_PICK><MAT_TYPE>Supply</MAT_TYPE><DESCRIPTION>BAG URINE W 350 METER 2L BAG CA/10</DESCRIPTION></PRODUCT_INFO><PRODUCT_INFO><PRODUCT_CODE>77441</PRODUCT_CODE><QTY_TO_PICK>1</QTY_TO_PICK><PRN_QTY_TO_PICK>0</PRN_QTY_TO_PICK><MAT_TYPE>Supply</MAT_TYPE><DESCRIPTION>SYR LUER LOK 60CC BX/40</DESCRIPTION></PRODUCT_INFO><PRODUCT_INFO><PRODUCT_CODE/><QTY_TO_PICK>1</QTY_TO_PICK><PRN_QTY_TO_PICK>0</PRN_QTY_TO_PICK><MAT_TYPE>Instrument</MAT_TYPE><DESCRIPTION>LI|LOANER STERNAL SAW</DESCRIPTION></PRODUCT_INFO><PRODUCT_INFO><PRODUCT_CODE/><QTY_TO_PICK>2</QTY_TO_PICK><PRN_QTY_TO_PICK>0</PRN_QTY_TO_PICK><MAT_TYPE>Instrument</MAT_TYPE><DESCRIPTION>LI|TRAY MAYO S/S 19X12 NON PERF</DESCRIPTION></PRODUCT_INFO><PRODUCT_INFO><PRODUCT_CODE/><QTY_TO_PICK>2</QTY_TO_PICK><PRN_QTY_TO_PICK>0</PRN_QTY_TO_PICK><MAT_TYPE>Peel Pack</MAT_TYPE><DESCRIPTION>LIGHT HANDLE COVERS</DESCRIPTION></PRODUCT_INFO><PRODUCT_INFO><PRODUCT_CODE/><QTY_TO_PICK>1</QTY_TO_PICK><PRN_QTY_TO_PICK>0</PRN_QTY_TO_PICK><MAT_TYPE>Tray</MAT_TYPE><DESCRIPTION>DR MEYER'S EXTRAS</DESCRIPTION></PRODUCT_INFO><PRODUCT_INFO><PRODUCT_CODE/><QTY_TO_PICK>1</QTY_TO_PICK><PRN_QTY_TO_PICK>0</PRN_QTY_TO_PICK><MAT_TYPE>Tray</MAT_TYPE><DESCRIPTION>LI|TRAY DR. PARNELL'S EXTRAS</DESCRIPTION></PRODUCT_INFO><PRODUCT_INFO><PRODUCT_CODE/><QTY_TO_PICK>1</QTY_TO_PICK><PRN_QTY_TO_PICK>0</PRN_QTY_TO_PICK><MAT_TYPE>Tray</MAT_TYPE><DESCRIPTION>LI|TRAY PED CLAMP BOAT</DESCRIPTION></PRODUCT_INFO><PRODUCT_INFO><PRODUCT_CODE/><QTY_TO_PICK>1</QTY_TO_PICK><PRN_QTY_TO_PICK>0</PRN_QTY_TO_PICK><MAT_TYPE>Tray</MAT_TYPE><DESCRIPTION>LI|TRAY PED OH RETRACTOR BOAT</DESCRIPTION></PRODUCT_INFO><PRODUCT_INFO><PRODUCT_CODE/><QTY_TO_PICK>1</QTY_TO_PICK><PRN_QTY_TO_PICK>0</PRN_QTY_TO_PICK><MAT_TYPE>Tray</MAT_TYPE><DESCRIPTION>LI|TRAY RED AND GREEN - PED RETRACTOR BOAT</DESCRIPTION></PRODUCT_INFO><PRODUCT_INFO><PRODUCT_CODE/><QTY_TO_PICK>1</QTY_TO_PICK><PRN_QTY_TO_PICK>0</PRN_QTY_TO_PICK><MAT_TYPE>Tray</MAT_TYPE><DESCRIPTION>PEDIATRIC MICRO INSTRUMENTS</DESCRIPTION></PRODUCT_INFO><PRODUCT_INFO><PRODUCT_CODE/><QTY_TO_PICK>1</QTY_TO_PICK><PRN_QTY_TO_PICK>0</PRN_QTY_TO_PICK><MAT_TYPE>Tray</MAT_TYPE><DESCRIPTION>STERNAL SAW (PEDS)</DESCRIPTION></PRODUCT_INFO></CASE_INFO></PICK_SHEET_LOAD>",
         "Name": ""
      },
      {
         "Message": "<PICK_SHEET_LOAD><CASE_INFO><CASE_ID>2609691</CASE_ID><PRODUCT_INFO><PRODUCT_CODE>100656</PRODUCT_CODE><QTY_TO_PICK>10</QTY_TO_PICK><PRN_QTY_TO_PICK>0</PRN_QTY_TO_PICK><MAT_TYPE>Supply</MAT_TYPE><DESCRIPTION>SWABS STERILE DACRON CS/10 PK/100 C12-31-03</DESCRIPTION></PRODUCT_INFO><PRODUCT_INFO><PRODUCT_CODE>104795</PRODUCT_CODE><QTY_TO_PICK>1</QTY_TO_PICK><PRN_QTY_TO_PICK>0</PRN_QTY_TO_PICK><MAT_TYPE>Supply</MAT_TYPE><DESCRIPTION>TRAY PED OPEN HEART AUXILARY ORDER IN MULT OF 2</DESCRIPTION></PRODUCT_INFO><PRODUCT_INFO><PRODUCT_CODE>105188</PRODUCT_CODE><QTY_TO_PICK>4</QTY_TO_PICK><PRN_QTY_TO_PICK>4</PRN_QTY_TO_PICK><MAT_TYPE>Implant</MAT_TYPE><DESCRIPTION>M25 WHT WIRE PACING TEMP</DESCRIPTION></PRODUCT_INFO><PRODUCT_INFO><PRODUCT_CODE>105255</PRODUCT_CODE><QTY_TO_PICK>1</QTY_TO_PICK><PRN_QTY_TO_PICK>0</PRN_QTY_TO_PICK><MAT_TYPE>Supply</MAT_TYPE><DESCRIPTION>TWL PED STER 4/PK 20PK/CA</DESCRIPTION></PRODUCT_INFO><PRODUCT_INFO><PRODUCT_CODE>108557</PRODUCT_CODE><QTY_TO_PICK>1</QTY_TO_PICK><PRN_QTY_TO_PICK>0</PRN_QTY_TO_PICK><MAT_TYPE>Supply</MAT_TYPE><DESCRIPTION>TAPE POLYESTER 1/8IN WIDE BX/36</DESCRIPTION></PRODUCT_INFO><PRODUCT_INFO><PRODUCT_CODE>112489</PRODUCT_CODE><QTY_TO_PICK>2</QTY_TO_PICK><PRN_QTY_TO_PICK>0</PRN_QTY_TO_PICK><MAT_TYPE>Supply</MAT_TYPE><DESCRIPTION>SET CUSTOM DOUBLE BASIN</DESCRIPTION></PRODUCT_INFO><PRODUCT_INFO><PRODUCT_CODE>12111</PRODUCT_CODE><QTY_TO_PICK>1</QTY_TO_PICK><PRN_QTY_TO_PICK>1</PRN_QTY_TO_PICK><MAT_TYPE>Supply</MAT_TYPE><DESCRIPTION>CATH URET NELATON 14FR</DESCRIPTION></PRODUCT_INFO><PRODUCT_INFO><PRODUCT_CODE>122658</PRODUCT_CODE><QTY_TO_PICK>1</QTY_TO_PICK><PRN_QTY_TO_PICK>0</PRN_QTY_TO_PICK><MAT_TYPE>Supply</MAT_TYPE><DESCRIPTION>LBL MED BLANK STL W PEN BX/50</DESCRIPTION></PRODUCT_INFO><PRODUCT_INFO><PRODUCT_CODE>124203</PRODUCT_CODE><QTY_TO_PICK>1</QTY_TO_PICK><PRN_QTY_TO_PICK>0</PRN_QTY_TO_PICK><MAT_TYPE>Supply</MAT_TYPE><DESCRIPTION>TAPE SURG DURAPORE 2INX10YD</DESCRIPTION></PRODUCT_INFO><PRODUCT_INFO><PRODUCT_CODE>131086</PRODUCT_CODE><QTY_TO_PICK>2</QTY_TO_PICK><PRN_QTY_TO_PICK>0</PRN_QTY_TO_PICK><MAT_TYPE>Supply</MAT_TYPE><DESCRIPTION>STRAP PATIENT SAFETY 3IN X60IN</DESCRIPTION></PRODUCT_INFO><PRODUCT_INFO><PRODUCT_CODE>137420</PRODUCT_CODE><QTY_TO_PICK>1</QTY_TO_PICK><PRN_QTY_TO_PICK>0</PRN_QTY_TO_PICK><MAT_TYPE>Supply</MAT_TYPE><DESCRIPTION>PLEDGET SOFT POLY 1/4X1/8X1/16 BX/12  30/PKT  12PKTS/BX</DESCRIPTION></PRODUCT_INFO><PRODUCT_INFO><PRODUCT_CODE>142947</PRODUCT_CODE><QTY_TO_PICK>1</QTY_TO_PICK><PRN_QTY_TO_PICK>0</PRN_QTY_TO_PICK><MAT_TYPE>Supply</MAT_TYPE><DESCRIPTION>NDL HYPO SAFE 20GX1IN EDGE CA/1000 10BXS/CA BX/100</DESCRIPTION></PRODUCT_INFO><PRODUCT_INFO><PRODUCT_CODE>148361</PRODUCT_CODE><QTY_TO_PICK>1</QTY_TO_PICK><PRN_QTY_TO_PICK>0</PRN_QTY_TO_PICK><MAT_TYPE>Supply</MAT_TYPE><DESCRIPTION>TOURNIQUET KIT 5.5IN PK/40</DESCRIPTION></PRODUCT_INFO><PRODUCT_INFO><PRODUCT_CODE>155196</PRODUCT_CODE><QTY_TO_PICK>1</QTY_TO_PICK><PRN_QTY_TO_PICK>0</PRN_QTY_TO_PICK><MAT_TYPE>Supply</MAT_TYPE><DESCRIPTION>BLDE STD 2.5IN ELECTRODE MODIFIED</DESCRIPTION></PRODUCT_INFO><PRODUCT_INFO><PRODUCT_CODE>159751</PRODUCT_CODE><QTY_TO_PICK>1</QTY_TO_PICK><PRN_QTY_TO_PICK>0</PRN_QTY_TO_PICK><MAT_TYPE>Supply</MAT_TYPE><DESCRIPTION>PREP SKIN ONESTEP 2% CHG 10.5ML ORG</DESCRIPTION></PRODUCT_INFO><PRODUCT_INFO><PRODUCT_CODE>169</PRODUCT_CODE><QTY_TO_PICK>1</QTY_TO_PICK><PRN_QTY_TO_PICK>1</PRN_QTY_TO_PICK><MAT_TYPE>Implant</MAT_TYPE><DESCRIPTION>WAX BONE 2.5GM</DESCRIPTION></PRODUCT_INFO><PRODUCT_INFO><PRODUCT_CODE>175520</PRODUCT_CODE><QTY_TO_PICK>4</QTY_TO_PICK><PRN_QTY_TO_PICK>0</PRN_QTY_TO_PICK><MAT_TYPE>Supply</MAT_TYPE><DESCRIPTION>SUT SLK 4-0 24IN RB1 DA</DESCRIPTION></PRODUCT_INFO><PRODUCT_INFO><PRODUCT_CODE>175983</PRODUCT_CODE><QTY_TO_PICK>1</QTY_TO_PICK><PRN_QTY_TO_PICK>0</PRN_QTY_TO_PICK><MAT_TYPE>Supply</MAT_TYPE><DESCRIPTION>PAD GROUND 9FT CBL INF 15IN 25/CA</DESCRIPTION></PRODUCT_INFO><PRODUCT_INFO><PRODUCT_CODE>180395</PRODUCT_CODE><QTY_TO_PICK>2</QTY_TO_PICK><PRN_QTY_TO_PICK>0</PRN_QTY_TO_PICK><MAT_TYPE>Supply</MAT_TYPE><DESCRIPTION>SUT SLK 4-0 24IN RB1 DA 36 EA/BX</DESCRIPTION></PRODUCT_INFO><PRODUCT_INFO><PRODUCT_CODE>180398</PRODUCT_CODE><QTY_TO_PICK>1</QTY_TO_PICK><PRN_QTY_TO_PICK>0</PRN_QTY_TO_PICK><MAT_TYPE>Supply</MAT_TYPE><DESCRIPTION>SUT SLK 4-0 18IN MP 36 EA/BX</DESCRIPTION></PRODUCT_INFO><PRODUCT_INFO><PRODUCT_CODE>180404</PRODUCT_CODE><QTY_TO_PICK>1</QTY_TO_PICK><PRN_QTY_TO_PICK>0</PRN_QTY_TO_PICK><MAT_TYPE>Supply</MAT_TYPE><DESCRIPTION>SUT SLK 3-0 18IN MP 36 EA/BX</DESCRIPTION></PRODUCT_INFO><PRODUCT_INFO><PRODUCT_CODE>180407</PRODUCT_CODE><QTY_TO_PICK>2</QTY_TO_PICK><PRN_QTY_TO_PICK>0</PRN_QTY_TO_PICK><MAT_TYPE>Supply</MAT_TYPE><DESCRIPTION>SUT SLK 2-0 18IN SH CR MULTI 36 EA/BX</DESCRIPTION></PRODUCT_INFO><PRODUCT_INFO><PRODUCT_CODE>180408</PRODUCT_CODE><QTY_TO_PICK>1</QTY_TO_PICK><PRN_QTY_TO_PICK>0</PRN_QTY_TO_PICK><MAT_TYPE>Supply</MAT_TYPE><DESCRIPTION>SUT SLK 2-0 18IN MP 36 EA/BX</DESCRIPTION></PRODUCT_INFO><PRODUCT_INFO><PRODUCT_CODE>180415</PRODUCT_CODE><QTY_TO_PICK>1</QTY_TO_PICK><PRN_QTY_TO_PICK>0</PRN_QTY_TO_PICK><MAT_TYPE>Supply</MAT_TYPE><DESCRIPTION>SUT SILK 0 TIES 2DZ/BX ETH 12 EA/BX</DESCRIPTION></PRODUCT_INFO><PRODUCT_INFO><PRODUCT_CODE>180427</PRODUCT_CODE><QTY_TO_PICK>2</QTY_TO_PICK><PRN_QTY_TO_PICK>0</PRN_QTY_TO_PICK><MAT_TYPE>Supply</MAT_TYPE><DESCRIPTION>SUT PROL 6-0 24IN BV1 DA 12 EA/BX</DESCRIPTION></PRODUCT_INFO><PRODUCT_INFO><PRODUCT_CODE>180430</PRODUCT_CODE><QTY_TO_PICK>2</QTY_TO_PICK><PRN_QTY_TO_PICK>0</PRN_QTY_TO_PICK><MAT_TYPE>Supply</MAT_TYPE><DESCRIPTION>SUT PROL 5-0 30IN RB2 DA MP 12 EA/BX</DESCRIPTION></PRODUCT_INFO><PRODUCT_INFO><PRODUCT_CODE>180771</PRODUCT_CODE><QTY_TO_PICK>2</QTY_TO_PICK><PRN_QTY_TO_PICK>0</PRN_QTY_TO_PICK><MAT_TYPE>Supply</MAT_TYPE><DESCRIPTION>TOWEL OR BLU STRL 17X27 PK/4</DESCRIPTION></PRODUCT_INFO><PRODUCT_INFO><PRODUCT_CODE>182584</PRODUCT_CODE><QTY_TO_PICK>1</QTY_TO_PICK><PRN_QTY_TO_PICK>0</PRN_QTY_TO_PICK><MAT_TYPE>Supply</MAT_TYPE><DESCRIPTION>ELTRD MULTIFUNCTION PED 6/CA</DESCRIPTION></PRODUCT_INFO><PRODUCT_INFO><PRODUCT_CODE>182599</PRODUCT_CODE><QTY_TO_PICK>4</QTY_TO_PICK><PRN_QTY_TO_PICK>0</PRN_QTY_TO_PICK><MAT_TYPE>Supply</MAT_TYPE><DESCRIPTION>GOWN SURG IMPERV STRL LG 20/CA</DESCRIPTION></PRODUCT_INFO><PRODUCT_INFO><PRODUCT_CODE>182944</PRODUCT_CODE><QTY_TO_PICK>1</QTY_TO_PICK><PRN_QTY_TO_PICK>0</PRN_QTY_TO_PICK><MAT_TYPE>Supply</MAT_TYPE><DESCRIPTION>TUBE SUCTION COND 0.25INX12FT 20/CA</DESCRIPTION></PRODUCT_INFO><PRODUCT_INFO><PRODUCT_CODE>184901</PRODUCT_CODE><QTY_TO_PICK>1</QTY_TO_PICK><PRN_QTY_TO_PICK>0</PRN_QTY_TO_PICK><MAT_TYPE>Supply</MAT_TYPE><DESCRIPTION>DRAPE INCIS 23X33IN 10/BX</DESCRIPTION></PRODUCT_INFO><PRODUCT_INFO><PRODUCT_CODE>19587</PRODUCT_CODE><QTY_TO_PICK>1</QTY_TO_PICK><PRN_QTY_TO_PICK>0</PRN_QTY_TO_PICK><MAT_TYPE>Supply</MAT_TYPE><DESCRIPTION>CLP LIG ADH W SLOT SM</DESCRIPTION></PRODUCT_INFO><PRODUCT_INFO><PRODUCT_CODE>196296</PRODUCT_CODE><QTY_TO_PICK>2</QTY_TO_PICK><PRN_QTY_TO_PICK>0</PRN_QTY_TO_PICK><MAT_TYPE>Supply</MAT_TYPE><DESCRIPTION>STRAP ARMBOARD VELCRO TS-30 12</DESCRIPTION></PRODUCT_INFO><PRODUCT_INFO><PRODUCT_CODE>20325</PRODUCT_CODE><QTY_TO_PICK>1</QTY_TO_PICK><PRN_QTY_TO_PICK>0</PRN_QTY_TO_PICK><MAT_TYPE>Supply</MAT_TYPE><DESCRIPTION>CLP LIG ADH PD MED</DESCRIPTION></PRODUCT_INFO><PRODUCT_INFO><PRODUCT_CODE>21136</PRODUCT_CODE><QTY_TO_PICK>1</QTY_TO_PICK><PRN_QTY_TO_PICK>0</PRN_QTY_TO_PICK><MAT_TYPE>Supply</MAT_TYPE><DESCRIPTION>TAPE ADH 3INX10YD LF</DESCRIPTION></PRODUCT_INFO><PRODUCT_INFO><PRODUCT_CODE>2692</PRODUCT_CODE><QTY_TO_PICK>1</QTY_TO_PICK><PRN_QTY_TO_PICK>0</PRN_QTY_TO_PICK><MAT_TYPE>Supply</MAT_TYPE><DESCRIPTION>TUBE SUCTION YANKAUER</DESCRIPTION></PRODUCT_INFO><PRODUCT_INFO><PRODUCT_CODE>3874</PRODUCT_CODE><QTY_TO_PICK>1</QTY_TO_PICK><PRN_QTY_TO_PICK>0</PRN_QTY_TO_PICK><MAT_TYPE>Supply</MAT_TYPE><DESCRIPTION>CONN SUX TUBE 0.25X0.25IN  CA/24</DESCRIPTION></PRODUCT_INFO><PRODUCT_INFO><PRODUCT_CODE>3892</PRODUCT_CODE><QTY_TO_PICK>1</QTY_TO_PICK><PRN_QTY_TO_PICK>1</PRN_QTY_TO_PICK><MAT_TYPE>Implant</MAT_TYPE><DESCRIPTION>CANN AOR ROOT FLNG 4FRX6.4CM</DESCRIPTION></PRODUCT_INFO><PRODUCT_INFO><PRODUCT_CODE>3931</PRODUCT_CODE><QTY_TO_PICK>1</QTY_TO_PICK><PRN_QTY_TO_PICK>0</PRN_QTY_TO_PICK><MAT_TYPE>Supply</MAT_TYPE><DESCRIPTION>ADPT CARDIOPL VENT Y 19.1CM</DESCRIPTION></PRODUCT_INFO><PRODUCT_INFO><PRODUCT_CODE>39662</PRODUCT_CODE><QTY_TO_PICK>1</QTY_TO_PICK><PRN_QTY_TO_PICK>0</PRN_QTY_TO_PICK><MAT_TYPE>Supply</MAT_TYPE><DESCRIPTION>BLNKT WARM PED</DESCRIPTION></PRODUCT_INFO><PRODUCT_INFO><PRODUCT_CODE>40377</PRODUCT_CODE><QTY_TO_PICK>1</QTY_TO_PICK><PRN_QTY_TO_PICK>0</PRN_QTY_TO_PICK><MAT_TYPE>Supply</MAT_TYPE><DESCRIPTION>TB ET UNCUFF PED-SOFT 3.5MM</DESCRIPTION></PRODUCT_INFO><PRODUCT_INFO><PRODUCT_CODE>4232</PRODUCT_CODE><QTY_TO_PICK>1</QTY_TO_PICK><PRN_QTY_TO_PICK>0</PRN_QTY_TO_PICK><MAT_TYPE>Supply</MAT_TYPE><DESCRIPTION>TAPE SURG MICROFOAM 2INX5.5YD</DESCRIPTION></PRODUCT_INFO><PRODUCT_INFO><PRODUCT_CODE>49842</PRODUCT_CODE><QTY_TO_PICK>1</QTY_TO_PICK><PRN_QTY_TO_PICK>0</PRN_QTY_TO_PICK><MAT_TYPE>Supply</MAT_TYPE><DESCRIPTION>TY OPN HRT DRAPE PK  PED CUST</DESCRIPTION></PRODUCT_INFO><PRODUCT_INFO><PRODUCT_CODE>52838</PRODUCT_CODE><QTY_TO_PICK>1</QTY_TO_PICK><PRN_QTY_TO_PICK>0</PRN_QTY_TO_PICK><MAT_TYPE>Supply</MAT_TYPE><DESCRIPTION>BLDE STERILIZING</DESCRIPTION></PRODUCT_INFO><PRODUCT_INFO><PRODUCT_CODE>59309</PRODUCT_CODE><QTY_TO_PICK>1</QTY_TO_PICK><PRN_QTY_TO_PICK>0</PRN_QTY_TO_PICK><MAT_TYPE>Supply</MAT_TYPE><DESCRIPTION>SLV COMPRESSION CALF MED CA/25PR</DESCRIPTION></PRODUCT_INFO><PRODUCT_INFO><PRODUCT_CODE>5992</PRODUCT_CODE><QTY_TO_PICK>4</QTY_TO_PICK><PRN_QTY_TO_PICK>0</PRN_QTY_TO_PICK><MAT_TYPE>Supply</MAT_TYPE><DESCRIPTION>COUNT NDL</DESCRIPTION></PRODUCT_INFO><PRODUCT_INFO><PRODUCT_CODE>6379</PRODUCT_CODE><QTY_TO_PICK>1</QTY_TO_PICK><PRN_QTY_TO_PICK>0</PRN_QTY_TO_PICK><MAT_TYPE>Supply</MAT_TYPE><DESCRIPTION>SET CHEST DRNGE DRY ADL</DESCRIPTION></PRODUCT_INFO><PRODUCT_INFO><PRODUCT_CODE>6469</PRODUCT_CODE><QTY_TO_PICK>1</QTY_TO_PICK><PRN_QTY_TO_PICK>0</PRN_QTY_TO_PICK><MAT_TYPE>Supply</MAT_TYPE><DESCRIPTION>DRN WND RND BLAK 15FR</DESCRIPTION></PRODUCT_INFO><PRODUCT_INFO><PRODUCT_CODE>7007</PRODUCT_CODE><QTY_TO_PICK>1</QTY_TO_PICK><PRN_QTY_TO_PICK>0</PRN_QTY_TO_PICK><MAT_TYPE>Supply</MAT_TYPE><DESCRIPTION>BAG URINE W 350 METER 2L BAG CA/10</DESCRIPTION></PRODUCT_INFO><PRODUCT_INFO><PRODUCT_CODE>77441</PRODUCT_CODE><QTY_TO_PICK>1</QTY_TO_PICK><PRN_QTY_TO_PICK>0</PRN_QTY_TO_PICK><MAT_TYPE>Supply</MAT_TYPE><DESCRIPTION>SYR LUER LOK 60CC BX/40</DESCRIPTION></PRODUCT_INFO><PRODUCT_INFO><PRODUCT_CODE/><QTY_TO_PICK>1</QTY_TO_PICK><PRN_QTY_TO_PICK>0</PRN_QTY_TO_PICK><MAT_TYPE>Instrument</MAT_TYPE><DESCRIPTION>LI|LOANER STERNAL SAW</DESCRIPTION></PRODUCT_INFO><PRODUCT_INFO><PRODUCT_CODE/><QTY_TO_PICK>2</QTY_TO_PICK><PRN_QTY_TO_PICK>0</PRN_QTY_TO_PICK><MAT_TYPE>Instrument</MAT_TYPE><DESCRIPTION>LI|TRAY MAYO S/S 19X12 NON PERF</DESCRIPTION></PRODUCT_INFO><PRODUCT_INFO><PRODUCT_CODE/><QTY_TO_PICK>2</QTY_TO_PICK><PRN_QTY_TO_PICK>0</PRN_QTY_TO_PICK><MAT_TYPE>Peel Pack</MAT_TYPE><DESCRIPTION>LIGHT HANDLE COVERS</DESCRIPTION></PRODUCT_INFO><PRODUCT_INFO><PRODUCT_CODE/><QTY_TO_PICK>1</QTY_TO_PICK><PRN_QTY_TO_PICK>0</PRN_QTY_TO_PICK><MAT_TYPE>Tray</MAT_TYPE><DESCRIPTION>DR MEYER'S EXTRAS</DESCRIPTION></PRODUCT_INFO><PRODUCT_INFO><PRODUCT_CODE/><QTY_TO_PICK>1</QTY_TO_PICK><PRN_QTY_TO_PICK>0</PRN_QTY_TO_PICK><MAT_TYPE>Tray</MAT_TYPE><DESCRIPTION>LI|TRAY DR. PARNELL'S EXTRAS</DESCRIPTION></PRODUCT_INFO><PRODUCT_INFO><PRODUCT_CODE/><QTY_TO_PICK>1</QTY_TO_PICK><PRN_QTY_TO_PICK>0</PRN_QTY_TO_PICK><MAT_TYPE>Tray</MAT_TYPE><DESCRIPTION>LI|TRAY PED CLAMP BOAT</DESCRIPTION></PRODUCT_INFO><PRODUCT_INFO><PRODUCT_CODE/><QTY_TO_PICK>1</QTY_TO_PICK><PRN_QTY_TO_PICK>0</PRN_QTY_TO_PICK><MAT_TYPE>Tray</MAT_TYPE><DESCRIPTION>LI|TRAY PED OH RETRACTOR BOAT</DESCRIPTION></PRODUCT_INFO><PRODUCT_INFO><PRODUCT_CODE/><QTY_TO_PICK>1</QTY_TO_PICK><PRN_QTY_TO_PICK>0</PRN_QTY_TO_PICK><MAT_TYPE>Tray</MAT_TYPE><DESCRIPTION>LI|TRAY RED AND GREEN - PED RETRACTOR BOAT</DESCRIPTION></PRODUCT_INFO><PRODUCT_INFO><PRODUCT_CODE/><QTY_TO_PICK>1</QTY_TO_PICK><PRN_QTY_TO_PICK>0</PRN_QTY_TO_PICK><MAT_TYPE>Tray</MAT_TYPE><DESCRIPTION>PEDIATRIC MICRO INSTRUMENTS</DESCRIPTION></PRODUCT_INFO><PRODUCT_INFO><PRODUCT_CODE/><QTY_TO_PICK>1</QTY_TO_PICK><PRN_QTY_TO_PICK>0</PRN_QTY_TO_PICK><MAT_TYPE>Tray</MAT_TYPE><DESCRIPTION>STERNAL SAW (PEDS)</DESCRIPTION></PRODUCT_INFO></CASE_INFO></PICK_SHEET_LOAD>",
         "Name": ""
      },
      {
         "Message": "<PICK_SHEET_LOAD><CASE_INFO><CASE_ID>2626528</CASE_ID><PRODUCT_INFO><PRODUCT_CODE>104775</PRODUCT_CODE><QTY_TO_PICK>1</QTY_TO_PICK><PRN_QTY_TO_PICK>0</PRN_QTY_TO_PICK><MAT_TYPE>Supply</MAT_TYPE><DESCRIPTION>PACK CABG</DESCRIPTION></PRODUCT_INFO><PRODUCT_INFO><PRODUCT_CODE>105074</PRODUCT_CODE><QTY_TO_PICK>1</QTY_TO_PICK><PRN_QTY_TO_PICK>0</PRN_QTY_TO_PICK><MAT_TYPE>Supply</MAT_TYPE><DESCRIPTION>TIP SUX FRAZ 8FR 50/CA</DESCRIPTION></PRODUCT_INFO><PRODUCT_INFO><PRODUCT_CODE>105188</PRODUCT_CODE><QTY_TO_PICK>4</QTY_TO_PICK><PRN_QTY_TO_PICK>4</PRN_QTY_TO_PICK><MAT_TYPE>Implant</MAT_TYPE><DESCRIPTION>M25 WHT WIRE PACING TEMP</DESCRIPTION></PRODUCT_INFO><PRODUCT_INFO><PRODUCT_CODE>105255</PRODUCT_CODE><QTY_TO_PICK>1</QTY_TO_PICK><PRN_QTY_TO_PICK>0</PRN_QTY_TO_PICK><MAT_TYPE>Supply</MAT_TYPE><DESCRIPTION>TWL PED STER 4/PK 20PK/CA</DESCRIPTION></PRODUCT_INFO><PRODUCT_INFO><PRODUCT_CODE>107982</PRODUCT_CODE><QTY_TO_PICK>1</QTY_TO_PICK><PRN_QTY_TO_PICK>0</PRN_QTY_TO_PICK><MAT_TYPE>Supply</MAT_TYPE><DESCRIPTION>TUBE INSUFF DISP</DESCRIPTION></PRODUCT_INFO><PRODUCT_INFO><PRODUCT_CODE>112489</PRODUCT_CODE><QTY_TO_PICK>1</QTY_TO_PICK><PRN_QTY_TO_PICK>0</PRN_QTY_TO_PICK><MAT_TYPE>Supply</MAT_TYPE><DESCRIPTION>KIT CUSTOM DOUBLE BASIN</DESCRIPTION></PRODUCT_INFO><PRODUCT_INFO><PRODUCT_CODE>12231</PRODUCT_CODE><QTY_TO_PICK>1</QTY_TO_PICK><PRN_QTY_TO_PICK>0</PRN_QTY_TO_PICK><MAT_TYPE>Supply</MAT_TYPE><DESCRIPTION>CARDIOPL PERF Y ADAPTOR 34.3CM</DESCRIPTION></PRODUCT_INFO><PRODUCT_INFO><PRODUCT_CODE>122622</PRODUCT_CODE><QTY_TO_PICK>1</QTY_TO_PICK><PRN_QTY_TO_PICK>0</PRN_QTY_TO_PICK><MAT_TYPE>Supply</MAT_TYPE><DESCRIPTION>BLANKET WARM FULL UNDERBODY CA/5</DESCRIPTION></PRODUCT_INFO><PRODUCT_INFO><PRODUCT_CODE>123132</PRODUCT_CODE><QTY_TO_PICK>2</QTY_TO_PICK><PRN_QTY_TO_PICK>0</PRN_QTY_TO_PICK><MAT_TYPE>Supply</MAT_TYPE><DESCRIPTION>NDL HYPO SAFE 25G X 0.625IN</DESCRIPTION></PRODUCT_INFO><PRODUCT_INFO><PRODUCT_CODE>124231</PRODUCT_CODE><QTY_TO_PICK>1</QTY_TO_PICK><PRN_QTY_TO_PICK>0</PRN_QTY_TO_PICK><MAT_TYPE>Supply</MAT_TYPE><DESCRIPTION>DRAINGE CHEST  DRY ADL DUAL CA/6</DESCRIPTION></PRODUCT_INFO><PRODUCT_INFO><PRODUCT_CODE>124233</PRODUCT_CODE><QTY_TO_PICK>1</QTY_TO_PICK><PRN_QTY_TO_PICK>0</PRN_QTY_TO_PICK><MAT_TYPE>Supply</MAT_TYPE><DESCRIPTION>VASOVIEW HARVESTING SYS 7 XB</DESCRIPTION></PRODUCT_INFO><PRODUCT_INFO><PRODUCT_CODE>127348</PRODUCT_CODE><QTY_TO_PICK>1</QTY_TO_PICK><PRN_QTY_TO_PICK>0</PRN_QTY_TO_PICK><MAT_TYPE>Supply</MAT_TYPE><DESCRIPTION>YANKAUER STERILE SUCTION W/O VENT 50/CA</DESCRIPTION></PRODUCT_INFO><PRODUCT_INFO><PRODUCT_CODE>127583</PRODUCT_CODE><QTY_TO_PICK>1</QTY_TO_PICK><PRN_QTY_TO_PICK>0</PRN_QTY_TO_PICK><MAT_TYPE>Supply</MAT_TYPE><DESCRIPTION>PACK OPEN HEART PACK B</DESCRIPTION></PRODUCT_INFO><PRODUCT_INFO><PRODUCT_CODE>127584</PRODUCT_CODE><QTY_TO_PICK>1</QTY_TO_PICK><PRN_QTY_TO_PICK>0</PRN_QTY_TO_PICK><MAT_TYPE>Supply</MAT_TYPE><DESCRIPTION>PACK OPEN HEART PACK A</DESCRIPTION></PRODUCT_INFO><PRODUCT_INFO><PRODUCT_CODE>128444</PRODUCT_CODE><QTY_TO_PICK>1</QTY_TO_PICK><PRN_QTY_TO_PICK>0</PRN_QTY_TO_PICK><MAT_TYPE>Supply</MAT_TYPE><DESCRIPTION>TOURNIQUET VASC 20/PK</DESCRIPTION></PRODUCT_INFO><PRODUCT_INFO><PRODUCT_CODE>131086</PRODUCT_CODE><QTY_TO_PICK>2</QTY_TO_PICK><PRN_QTY_TO_PICK>0</PRN_QTY_TO_PICK><MAT_TYPE>Supply</MAT_TYPE><DESCRIPTION>STRAP PATIENT SAFETY 3IN X60IN</DESCRIPTION></PRODUCT_INFO><PRODUCT_INFO><PRODUCT_CODE>137768</PRODUCT_CODE><QTY_TO_PICK>1</QTY_TO_PICK><PRN_QTY_TO_PICK>1</PRN_QTY_TO_PICK><MAT_TYPE>Implant</MAT_TYPE><DESCRIPTION>KIT A-LINE 1LUM 20GX12CM SAFE KIT</DESCRIPTION></PRODUCT_INFO><PRODUCT_INFO><PRODUCT_CODE>144787</PRODUCT_CODE><QTY_TO_PICK>1</QTY_TO_PICK><PRN_QTY_TO_PICK>0</PRN_QTY_TO_PICK><MAT_TYPE>Supply</MAT_TYPE><DESCRIPTION>CBL PACE ATRIAL TEMP SCREW DOWN  DISP 12FT</DESCRIPTION></PRODUCT_INFO><PRODUCT_INFO><PRODUCT_CODE>144788</PRODUCT_CODE><QTY_TO_PICK>1</QTY_TO_PICK><PRN_QTY_TO_PICK>0</PRN_QTY_TO_PICK><MAT_TYPE>Supply</MAT_TYPE><DESCRIPTION>CBL PACE A/V TEMP SCREW DOWN  DISP 12FT</DESCRIPTION></PRODUCT_INFO><PRODUCT_INFO><PRODUCT_CODE>149173</PRODUCT_CODE><QTY_TO_PICK>1</QTY_TO_PICK><PRN_QTY_TO_PICK>0</PRN_QTY_TO_PICK><MAT_TYPE>Supply</MAT_TYPE><DESCRIPTION>PADDLE INTRNL DEFIB INFT 2.8 CM SWITCHED</DESCRIPTION></PRODUCT_INFO><PRODUCT_INFO><PRODUCT_CODE>15590</PRODUCT_CODE><QTY_TO_PICK>1</QTY_TO_PICK><PRN_QTY_TO_PICK>1</PRN_QTY_TO_PICK><MAT_TYPE>Implant</MAT_TYPE><DESCRIPTION>CANN VEN BULLET TIP 28FRX38CM</DESCRIPTION></PRODUCT_INFO><PRODUCT_INFO><PRODUCT_CODE>158915</PRODUCT_CODE><QTY_TO_PICK>1</QTY_TO_PICK><PRN_QTY_TO_PICK>0</PRN_QTY_TO_PICK><MAT_TYPE>Supply</MAT_TYPE><DESCRIPTION>SUMP CARDIAC 6.7MMX15IN PERF POOL TIP 20FR</DESCRIPTION></PRODUCT_INFO><PRODUCT_INFO><PRODUCT_CODE>159589</PRODUCT_CODE><QTY_TO_PICK>1</QTY_TO_PICK><PRN_QTY_TO_PICK>0</PRN_QTY_TO_PICK><MAT_TYPE>Supply</MAT_TYPE><DESCRIPTION>CHECK VALVE RELIEF VACUUM</DESCRIPTION></PRODUCT_INFO><PRODUCT_INFO><PRODUCT_CODE>169</PRODUCT_CODE><QTY_TO_PICK>2</QTY_TO_PICK><PRN_QTY_TO_PICK>2</PRN_QTY_TO_PICK><MAT_TYPE>Implant</MAT_TYPE><DESCRIPTION>WAX BONE 2.5GM</DESCRIPTION></PRODUCT_INFO><PRODUCT_INFO><PRODUCT_CODE>1692</PRODUCT_CODE><QTY_TO_PICK>1</QTY_TO_PICK><PRN_QTY_TO_PICK>1</PRN_QTY_TO_PICK><MAT_TYPE>Implant</MAT_TYPE><DESCRIPTION>CATH THORACIC CHEST 24FRX20 CA/10</DESCRIPTION></PRODUCT_INFO><PRODUCT_INFO><PRODUCT_CODE>170247</PRODUCT_CODE><QTY_TO_PICK>1</QTY_TO_PICK><PRN_QTY_TO_PICK>0</PRN_QTY_TO_PICK><MAT_TYPE>Supply</MAT_TYPE><DESCRIPTION>TUBE SUCT NCOND STER 6MMX12FT</DESCRIPTION></PRODUCT_INFO><PRODUCT_INFO><PRODUCT_CODE>180349</PRODUCT_CODE><QTY_TO_PICK>4</QTY_TO_PICK><PRN_QTY_TO_PICK>0</PRN_QTY_TO_PICK><MAT_TYPE>Supply</MAT_TYPE><DESCRIPTION>SUT VCRL 3-0 27IN SH U/D 36 EA/BX</DESCRIPTION></PRODUCT_INFO><PRODUCT_INFO><PRODUCT_CODE>180380</PRODUCT_CODE><QTY_TO_PICK>2</QTY_TO_PICK><PRN_QTY_TO_PICK>0</PRN_QTY_TO_PICK><MAT_TYPE>Supply</MAT_TYPE><DESCRIPTION>SUT STEEL 5 20G 18IN V40 MULTI 12 EA/BX</DESCRIPTION></PRODUCT_INFO><PRODUCT_INFO><PRODUCT_CODE>180393</PRODUCT_CODE><QTY_TO_PICK>1</QTY_TO_PICK><PRN_QTY_TO_PICK>1</PRN_QTY_TO_PICK><MAT_TYPE>Supply</MAT_TYPE><DESCRIPTION>SUT SLK 5 60IN MULTI 12 EA/BX</DESCRIPTION></PRODUCT_INFO><PRODUCT_INFO><PRODUCT_CODE>180402</PRODUCT_CODE><QTY_TO_PICK>1</QTY_TO_PICK><PRN_QTY_TO_PICK>0</PRN_QTY_TO_PICK><MAT_TYPE>Supply</MAT_TYPE><DESCRIPTION>SUT SLK 3-0 30IN KS 36 EA/BX</DESCRIPTION></PRODUCT_INFO><PRODUCT_INFO><PRODUCT_CODE>180428</PRODUCT_CODE><QTY_TO_PICK>6</QTY_TO_PICK><PRN_QTY_TO_PICK>0</PRN_QTY_TO_PICK><MAT_TYPE>Supply</MAT_TYPE><DESCRIPTION>SUT PROL 5-0 36IN RB1 DA 36 EA/BX</DESCRIPTION></PRODUCT_INFO><PRODUCT_INFO><PRODUCT_CODE>180432</PRODUCT_CODE><QTY_TO_PICK>5</QTY_TO_PICK><PRN_QTY_TO_PICK>0</PRN_QTY_TO_PICK><MAT_TYPE>Supply</MAT_TYPE><DESCRIPTION>SUT PROL 4-0 36IN SH DA 36 EA/BX</DESCRIPTION></PRODUCT_INFO><PRODUCT_INFO><PRODUCT_CODE>180771</PRODUCT_CODE><QTY_TO_PICK>2</QTY_TO_PICK><PRN_QTY_TO_PICK>0</PRN_QTY_TO_PICK><MAT_TYPE>Supply</MAT_TYPE><DESCRIPTION>TOWEL OR BLU STRL 17X27 PK/4</DESCRIPTION></PRODUCT_INFO><PRODUCT_INFO><PRODUCT_CODE>182581</PRODUCT_CODE><QTY_TO_PICK>1</QTY_TO_PICK><PRN_QTY_TO_PICK>0</PRN_QTY_TO_PICK><MAT_TYPE>Supply</MAT_TYPE><DESCRIPTION>DRSG TRANSPARENT 2.5X3 100/BX</DESCRIPTION></PRODUCT_INFO><PRODUCT_INFO><PRODUCT_CODE>182930</PRODUCT_CODE><QTY_TO_PICK>1</QTY_TO_PICK><PRN_QTY_TO_PICK>0</PRN_QTY_TO_PICK><MAT_TYPE>Supply</MAT_TYPE><DESCRIPTION>TAPE SURG MICROPORE 3INX10YD</DESCRIPTION></PRODUCT_INFO><PRODUCT_INFO><PRODUCT_CODE>182940</PRODUCT_CODE><QTY_TO_PICK>1</QTY_TO_PICK><PRN_QTY_TO_PICK>0</PRN_QTY_TO_PICK><MAT_TYPE>Supply</MAT_TYPE><DESCRIPTION>DRSG ELAST W/VELCRO 6IN NS 12/PK</DESCRIPTION></PRODUCT_INFO><PRODUCT_INFO><PRODUCT_CODE>184080</PRODUCT_CODE><QTY_TO_PICK>1</QTY_TO_PICK><PRN_QTY_TO_PICK>0</PRN_QTY_TO_PICK><MAT_TYPE>Supply</MAT_TYPE><DESCRIPTION>DRP LG 57X76 20/CA</DESCRIPTION></PRODUCT_INFO><PRODUCT_INFO><PRODUCT_CODE>184664</PRODUCT_CODE><QTY_TO_PICK>3</QTY_TO_PICK><PRN_QTY_TO_PICK>0</PRN_QTY_TO_PICK><MAT_TYPE>Supply</MAT_TYPE><DESCRIPTION>MARKER SKIN MULTI TIP 6IN 50/BX</DESCRIPTION></PRODUCT_INFO><PRODUCT_INFO><PRODUCT_CODE>184676</PRODUCT_CODE><QTY_TO_PICK>1</QTY_TO_PICK><PRN_QTY_TO_PICK>0</PRN_QTY_TO_PICK><MAT_TYPE>Supply</MAT_TYPE><DESCRIPTION>SUPPORT WRIST ADULT 10/BX</DESCRIPTION></PRODUCT_INFO><PRODUCT_INFO><PRODUCT_CODE>184901</PRODUCT_CODE><QTY_TO_PICK>4</QTY_TO_PICK><PRN_QTY_TO_PICK>0</PRN_QTY_TO_PICK><MAT_TYPE>Supply</MAT_TYPE><DESCRIPTION>DRP INCIS 23X33IN 10/BX</DESCRIPTION></PRODUCT_INFO><PRODUCT_INFO><PRODUCT_CODE>185745</PRODUCT_CODE><QTY_TO_PICK>1</QTY_TO_PICK><PRN_QTY_TO_PICK>0</PRN_QTY_TO_PICK><MAT_TYPE>Supply</MAT_TYPE><DESCRIPTION>BOOT SUTURE 5/BX</DESCRIPTION></PRODUCT_INFO><PRODUCT_INFO><PRODUCT_CODE>185776</PRODUCT_CODE><QTY_TO_PICK>1</QTY_TO_PICK><PRN_QTY_TO_PICK>0</PRN_QTY_TO_PICK><MAT_TYPE>Supply</MAT_TYPE><DESCRIPTION>SPNG DISCT PEANUT 0.375IN CA/96</DESCRIPTION></PRODUCT_INFO><PRODUCT_INFO><PRODUCT_CODE>186872</PRODUCT_CODE><QTY_TO_PICK>1</QTY_TO_PICK><PRN_QTY_TO_PICK>0</PRN_QTY_TO_PICK><MAT_TYPE>Supply</MAT_TYPE><DESCRIPTION>STOPCK 4-WAY NYLON MALE LL ADPTR LRG BORE</DESCRIPTION></PRODUCT_INFO><PRODUCT_INFO><PRODUCT_CODE>193204</PRODUCT_CODE><QTY_TO_PICK>1</QTY_TO_PICK><PRN_QTY_TO_PICK>0</PRN_QTY_TO_PICK><MAT_TYPE>Supply</MAT_TYPE><DESCRIPTION>SOL ANTI FOG 20EA/BX</DESCRIPTION></PRODUCT_INFO><PRODUCT_INFO><PRODUCT_CODE>19587</PRODUCT_CODE><QTY_TO_PICK>4</QTY_TO_PICK><PRN_QTY_TO_PICK>0</PRN_QTY_TO_PICK><MAT_TYPE>Supply</MAT_TYPE><DESCRIPTION>CLP LIG ADH W SLOT SM</DESCRIPTION></PRODUCT_INFO><PRODUCT_INFO><PRODUCT_CODE>196296</PRODUCT_CODE><QTY_TO_PICK>2</QTY_TO_PICK><PRN_QTY_TO_PICK>0</PRN_QTY_TO_PICK><MAT_TYPE>Supply</MAT_TYPE><DESCRIPTION>STRAP ARMBOARD VELCRO TS-30 12</DESCRIPTION></PRODUCT_INFO><PRODUCT_INFO><PRODUCT_CODE>223</PRODUCT_CODE><QTY_TO_PICK>1</QTY_TO_PICK><PRN_QTY_TO_PICK>0</PRN_QTY_TO_PICK><MAT_TYPE>Supply</MAT_TYPE><DESCRIPTION>SYR LUER LOK 20CC BX/40</DESCRIPTION></PRODUCT_INFO><PRODUCT_INFO><PRODUCT_CODE>25385</PRODUCT_CODE><QTY_TO_PICK>1</QTY_TO_PICK><PRN_QTY_TO_PICK>1</PRN_QTY_TO_PICK><MAT_TYPE>Implant</MAT_TYPE><DESCRIPTION>CATH ATR VENT 18FR</DESCRIPTION></PRODUCT_INFO><PRODUCT_INFO><PRODUCT_CODE>2692</PRODUCT_CODE><QTY_TO_PICK>1</QTY_TO_PICK><PRN_QTY_TO_PICK>0</PRN_QTY_TO_PICK><MAT_TYPE>Supply</MAT_TYPE><DESCRIPTION>TUBE SUCTION YANKAUER</DESCRIPTION></PRODUCT_INFO><PRODUCT_INFO><PRODUCT_CODE>2983</PRODUCT_CODE><QTY_TO_PICK>2</QTY_TO_PICK><PRN_QTY_TO_PICK>0</PRN_QTY_TO_PICK><MAT_TYPE>Supply</MAT_TYPE><DESCRIPTION>PLEDGET SFT PTFE LG 3/8X3/16</DESCRIPTION></PRODUCT_INFO><PRODUCT_INFO><PRODUCT_CODE>29899</PRODUCT_CODE><QTY_TO_PICK>1</QTY_TO_PICK><PRN_QTY_TO_PICK>1</PRN_QTY_TO_PICK><MAT_TYPE>Implant</MAT_TYPE><DESCRIPTION>CATH VEN RET WIRE 32FR</DESCRIPTION></PRODUCT_INFO><PRODUCT_INFO><PRODUCT_CODE>3008</PRODUCT_CODE><QTY_TO_PICK>1</QTY_TO_PICK><PRN_QTY_TO_PICK>1</PRN_QTY_TO_PICK><MAT_TYPE>Implant</MAT_TYPE><DESCRIPTION>SPNG HSTAT NU-KNIT 6X9IN  CA/10</DESCRIPTION></PRODUCT_INFO><PRODUCT_INFO><PRODUCT_CODE>3592</PRODUCT_CODE><QTY_TO_PICK>1</QTY_TO_PICK><PRN_QTY_TO_PICK>0</PRN_QTY_TO_PICK><MAT_TYPE>Supply</MAT_TYPE><DESCRIPTION>ORGNZR SUT GUID GABBAR-FRATER  BX/12</DESCRIPTION></PRODUCT_INFO><PRODUCT_INFO><PRODUCT_CODE>4</PRODUCT_CODE><QTY_TO_PICK>4</QTY_TO_PICK><PRN_QTY_TO_PICK>0</PRN_QTY_TO_PICK><MAT_TYPE>Supply</MAT_TYPE><DESCRIPTION>PREP SCRUB IODO DURAPREP 26CC</DESCRIPTION></PRODUCT_INFO><PRODUCT_INFO><PRODUCT_CODE>40329</PRODUCT_CODE><QTY_TO_PICK>1</QTY_TO_PICK><PRN_QTY_TO_PICK>0</PRN_QTY_TO_PICK><MAT_TYPE>Supply</MAT_TYPE><DESCRIPTION>SUT E PK OPN HRT VLV CUST MIN 7 BOXES</DESCRIPTION></PRODUCT_INFO><PRODUCT_INFO><PRODUCT_CODE>44653</PRODUCT_CODE><QTY_TO_PICK>1</QTY_TO_PICK><PRN_QTY_TO_PICK>0</PRN_QTY_TO_PICK><MAT_TYPE>Supply</MAT_TYPE><DESCRIPTION>TRNQT TOURNIKWIK STYLE</DESCRIPTION></PRODUCT_INFO><PRODUCT_INFO><PRODUCT_CODE>46352</PRODUCT_CODE><QTY_TO_PICK>1</QTY_TO_PICK><PRN_QTY_TO_PICK>0</PRN_QTY_TO_PICK><MAT_TYPE>Supply</MAT_TYPE><DESCRIPTION>PROTECTOR  HEEL/ELBOW</DESCRIPTION></PRODUCT_INFO><PRODUCT_INFO><PRODUCT_CODE>46606</PRODUCT_CODE><QTY_TO_PICK>1</QTY_TO_PICK><PRN_QTY_TO_PICK>1</PRN_QTY_TO_PICK><MAT_TYPE>Implant</MAT_TYPE><DESCRIPTION>CANN RCSP CLASS 15FRX31.8CM</DESCRIPTION></PRODUCT_INFO><PRODUCT_INFO><PRODUCT_CODE>4703</PRODUCT_CODE><QTY_TO_PICK>1</QTY_TO_PICK><PRN_QTY_TO_PICK>1</PRN_QTY_TO_PICK><MAT_TYPE>Implant</MAT_TYPE><DESCRIPTION>CANN AOR ROOT 9FRX14CM PH/20</DESCRIPTION></PRODUCT_INFO><PRODUCT_INFO><PRODUCT_CODE>51263</PRODUCT_CODE><QTY_TO_PICK>1</QTY_TO_PICK><PRN_QTY_TO_PICK>0</PRN_QTY_TO_PICK><MAT_TYPE>Supply</MAT_TYPE><DESCRIPTION>PROBE CRV ULTRASONIC FLO DETECT DISP 4/CA</DESCRIPTION></PRODUCT_INFO><PRODUCT_INFO><PRODUCT_CODE>59309</PRODUCT_CODE><QTY_TO_PICK>1</QTY_TO_PICK><PRN_QTY_TO_PICK>0</PRN_QTY_TO_PICK><MAT_TYPE>Supply</MAT_TYPE><DESCRIPTION>SLV COMPRESSION CALF MED CA/25PR (USE PS# 176173)</DESCRIPTION></PRODUCT_INFO><PRODUCT_INFO><PRODUCT_CODE>594</PRODUCT_CODE><QTY_TO_PICK>1</QTY_TO_PICK><PRN_QTY_TO_PICK>0</PRN_QTY_TO_PICK><MAT_TYPE>Supply</MAT_TYPE><DESCRIPTION>SYR LUER LOK 3CC BX/200</DESCRIPTION></PRODUCT_INFO><PRODUCT_INFO><PRODUCT_CODE>5992</PRODUCT_CODE><QTY_TO_PICK>1</QTY_TO_PICK><PRN_QTY_TO_PICK>0</PRN_QTY_TO_PICK><MAT_TYPE>Supply</MAT_TYPE><DESCRIPTION>COUNT NDL</DESCRIPTION></PRODUCT_INFO><PRODUCT_INFO><PRODUCT_CODE>77441</PRODUCT_CODE><QTY_TO_PICK>4</QTY_TO_PICK><PRN_QTY_TO_PICK>0</PRN_QTY_TO_PICK><MAT_TYPE>Supply</MAT_TYPE><DESCRIPTION>SYR LUER LOK 60CC BX/40</DESCRIPTION></PRODUCT_INFO><PRODUCT_INFO><PRODUCT_CODE>7798</PRODUCT_CODE><QTY_TO_PICK>1</QTY_TO_PICK><PRN_QTY_TO_PICK>1</PRN_QTY_TO_PICK><MAT_TYPE>Implant</MAT_TYPE><DESCRIPTION>CATH THOR 36FR 20IN</DESCRIPTION></PRODUCT_INFO><PRODUCT_INFO><PRODUCT_CODE>8748</PRODUCT_CODE><QTY_TO_PICK>1</QTY_TO_PICK><PRN_QTY_TO_PICK>0</PRN_QTY_TO_PICK><MAT_TYPE>Supply</MAT_TYPE><DESCRIPTION>CONN Y 3/8X3/8X0.5IN</DESCRIPTION></PRODUCT_INFO><PRODUCT_INFO><PRODUCT_CODE>9154</PRODUCT_CODE><QTY_TO_PICK>1</QTY_TO_PICK><PRN_QTY_TO_PICK>0</PRN_QTY_TO_PICK><MAT_TYPE>Supply</MAT_TYPE><DESCRIPTION>CLIP SPR 0.5FRCP STLTH LF DISP</DESCRIPTION></PRODUCT_INFO><PRODUCT_INFO><PRODUCT_CODE/><QTY_TO_PICK>1</QTY_TO_PICK><PRN_QTY_TO_PICK>0</PRN_QTY_TO_PICK><MAT_TYPE>Instrument</MAT_TYPE><DESCRIPTION>LI|SIZER MITRAL VALVE SET</DESCRIPTION></PRODUCT_INFO><PRODUCT_INFO><PRODUCT_CODE/><QTY_TO_PICK>1</QTY_TO_PICK><PRN_QTY_TO_PICK>0</PRN_QTY_TO_PICK><MAT_TYPE>Instrument</MAT_TYPE><DESCRIPTION>LI|TRAY MAYO S/S 19X12 NON PERF</DESCRIPTION></PRODUCT_INFO><PRODUCT_INFO><PRODUCT_CODE/><QTY_TO_PICK>2</QTY_TO_PICK><PRN_QTY_TO_PICK>0</PRN_QTY_TO_PICK><MAT_TYPE>Peel Pack</MAT_TYPE><DESCRIPTION>LIGHT HANDLE COVERS</DESCRIPTION></PRODUCT_INFO><PRODUCT_INFO><PRODUCT_CODE/><QTY_TO_PICK>1</QTY_TO_PICK><PRN_QTY_TO_PICK>0</PRN_QTY_TO_PICK><MAT_TYPE>Tray</MAT_TYPE><DESCRIPTION>DR. GRAVER'S EXTRAS TRAY</DESCRIPTION></PRODUCT_INFO><PRODUCT_INFO><PRODUCT_CODE/><QTY_TO_PICK>1</QTY_TO_PICK><PRN_QTY_TO_PICK>0</PRN_QTY_TO_PICK><MAT_TYPE>Tray</MAT_TYPE><DESCRIPTION>IGNA RETRACTOR</DESCRIPTION></PRODUCT_INFO><PRODUCT_INFO><PRODUCT_CODE/><QTY_TO_PICK>1</QTY_TO_PICK><PRN_QTY_TO_PICK>0</PRN_QTY_TO_PICK><MAT_TYPE>Tray</MAT_TYPE><DESCRIPTION>LI|TRAY CORONARY TRAY-MICRO TRAYS</DESCRIPTION></PRODUCT_INFO><PRODUCT_INFO><PRODUCT_CODE/><QTY_TO_PICK>1</QTY_TO_PICK><PRN_QTY_TO_PICK>0</PRN_QTY_TO_PICK><MAT_TYPE>Tray</MAT_TYPE><DESCRIPTION>LI|TRAY MITRAL VALVE BOAT</DESCRIPTION></PRODUCT_INFO><PRODUCT_INFO><PRODUCT_CODE/><QTY_TO_PICK>1</QTY_TO_PICK><PRN_QTY_TO_PICK>0</PRN_QTY_TO_PICK><MAT_TYPE>Tray</MAT_TYPE><DESCRIPTION>LI|TRAY MIVH TRAY</DESCRIPTION></PRODUCT_INFO><PRODUCT_INFO><PRODUCT_CODE/><QTY_TO_PICK>1</QTY_TO_PICK><PRN_QTY_TO_PICK>0</PRN_QTY_TO_PICK><MAT_TYPE>Tray</MAT_TYPE><DESCRIPTION>LI|TRAY OPEN HEART BOATt</DESCRIPTION></PRODUCT_INFO><PRODUCT_INFO><PRODUCT_CODE/><QTY_TO_PICK>1</QTY_TO_PICK><PRN_QTY_TO_PICK>0</PRN_QTY_TO_PICK><MAT_TYPE>Tray</MAT_TYPE><DESCRIPTION>LI|TRAY VEIN-RADIAL ARTERY PAN</DESCRIPTION></PRODUCT_INFO><PRODUCT_INFO><PRODUCT_CODE/><QTY_TO_PICK>1</QTY_TO_PICK><PRN_QTY_TO_PICK>0</PRN_QTY_TO_PICK><MAT_TYPE>Tray</MAT_TYPE><DESCRIPTION>STERNAL SAW (ADULT)</DESCRIPTION></PRODUCT_INFO><PRODUCT_INFO><PRODUCT_CODE/><QTY_TO_PICK>1</QTY_TO_PICK><PRN_QTY_TO_PICK>1</PRN_QTY_TO_PICK><MAT_TYPE>Tray</MAT_TYPE><DESCRIPTION>VALVE GATE INSTRUMENTS</DESCRIPTION></PRODUCT_INFO></CASE_INFO></PICK_SHEET_LOAD>",
         "Name": ""
      }
   ]
}