{
   "Samples": [
      {
         "Message": "MSH|^~\\&|SIS|NSUH-Endoscopy|null|null|20130930150033||SIU^S13|1101|T|2.4||||||SCHEDULED\rSCH|2560259|2560259||||SCHEDULED^Reschedule|||60|Min|1^^60^20130930140000^20130930150000|02868^Ackert^Gregory||||||||39092^Gitman^Nelina^||||||\rPID|1||||TEST 1^MARION^||19570211000000|Female|||^^^^^|||||||\rPV1|1|O|NE04||||02868^Ackert^Gregory|02868^Ackert^Gregory|||||||||||2560259\rRGS|1|U|2560259\rAIS|1|U|11620^EXCISION MALIGNANT LESION S/N/H/F/G 0.5 CM/<^CPT4|20130930140000|||60|Min\rNTE|1||\rAIL|1|U|^NE04^^|OR||20130930140000|||60|Min\rAIP|1|U|138398-1^Ackert^Gregory|Doctor||20130930140000|||60|Min\r",
         "Name": ""
      },
      {
         "Message": "MSH|^~\\&|SIS|Long Island Jewish Medical Center|null|null|20131001124224||SIU^S13|1132|T|2.4||||||SCHEDULED\rSCH|2560369|2560369||||SCHEDULED^Reschedule|||166|Min|1^^166^20131002103000^20131002131600|^Frank^Douglas||||||||16166^Munger^Prudy^||||||\rPID|1||||Test-4^LogiD^||19721203000000|Male|||^^^^^|||||||\rPV1|1|O| OR 02||||^Frank^Douglas|^Frank^Douglas|||||||||||2560369\rRGS|1|U|2560369\rAIS|1|U|60240^THYROIDECTOMY TOTAL/COMPLETE^CPT4|20131002103000|||166|Min\rNTE|1||\rAIL|1|U|^ OR 02^^ENT/Dental/Head & Neck|OR||20131002103000|||166|Min\rAIP|1|U|191268^Frank^Douglas|Doctor||20131002103000|||166|Min\r",
         "Name": ""
      },
      {
         "Message": "MSH|^~\\&|SIS|Long Island Jewish Medical Center|null|null|20131001132715||SIU^S14|1138|T|2.4||||||SCHEDULED\rSCH|2560370|2560370|||||^EXCISION PILONIDAL CYST/SINUS SIMPLE Qty: ; Soffer, Samuel||63|Min|1^^63^20131001073000^20131001083300|^Soffer^Samuel||||||||16166^Munger^Prudy^||||||\rPID|1||||TEST-5^LogiD^||19901124000000|Female|||^^^^^|||||||\rPV1|1|O| OR 21||||^Soffer^Samuel|^Soffer^Samuel|||||||||||2560370\rRGS|1|U|2560370\rAIS|1|U|11770^EXCISION PILONIDAL CYST/SINUS SIMPLE^CPT4|20131001073000|||63|Min\rNTE|1||\rAIL|1|U|^ OR 21^^Orthopedics|OR||20131001073000|||63|Min\rAIP|1|U|211707^Soffer^Samuel|Doctor||20131001073000|||63|Min\r",
         "Name": ""
      },
      {
         "Message": "MSH|^~\\&|SIS|Long Island Jewish Medical Center|null|null|20131001133240||SIU^S12|1139|T|2.4||||||SCHEDULED\rSCH|2560371|2560371|||||^I&D HEMATOMA SEROMA/FLUID COLLECTION Qty: ; Held, Douglas||102|Min|1^^102^20131001074500^20131001092700|01942^Held^Douglas||||||||16166^Munger^Prudy^||||||\rPID|1||||TEST-6^LogiD^||19690613000000|Female|||^^^^^|||||||\rPV1|1|O| OR 19||||01942^Held^Douglas|01942^Held^Douglas|||||||||||2560371\rRGS|1|A|2560371\rAIS|1|A|10140^I&D HEMATOMA SEROMA/FLUID COLLECTION^CPT4|20131001074500|||102|Min\rNTE|1||\rAIL|1|A|^ OR 19^^Open Heart|OR||20131001074500|||102|Min\rAIP|1|A|147305-1^Held^Douglas|Doctor||20131001074500|||102|Min\r",
         "Name": ""
      },
      {
         "Message": "MSH|^~\\&|SIS|Long Island Jewish Medical Center|null|null|20131001124022||SIU^S12|1129|T|2.4||||||SCHEDULED\rSCH|2560369|2560369|||||^THYROIDECTOMY TOTAL/COMPLETE Qty: ; Frank, Douglas K||166|Min|1^^166^20131002110000^20131002134600|^Frank^Douglas||||||||16166^Munger^Prudy^||||||\rPID|1||||Test-4^LogiD^||19721203000000|Male|||^^^^^|||||||\rPV1|1|O| OR 02||||^Frank^Douglas|^Frank^Douglas|||||||||||2560369\rRGS|1|A|2560369\rAIS|1|A|60240^THYROIDECTOMY TOTAL/COMPLETE^CPT4|20131002110000|||166|Min\rNTE|1||\rAIL|1|A|^ OR 02^^ENT/Dental/Head & Neck|OR||20131002110000|||166|Min\rAIP|1|A|191268^Frank^Douglas|Doctor||20131002110000|||166|Min\r",
         "Name": ""
      },
      {
         "Message": "MSH|^~\\&|SIS|Long Island Jewish Medical Center|null|null|20131001133240||SIU^S12|1139|T|2.4||||||SCHEDULED\rSCH|2560371|2560371|||||^I&D HEMATOMA SEROMA/FLUID COLLECTION Qty: ; Held, Douglas||102|Min|1^^102^20131001074500^20131001092700|01942^Held^Douglas||||||||16166^Munger^Prudy^||||||\rPID|1||||TEST-6^LogiD^||19690613000000|Female|||^^^^^|||||||\rPV1|1|O| OR 19||||01942^Held^Douglas|01942^Held^Douglas|||||||||||2560371\rRGS|1|A|2560371\rAIS|1|A|10140^I&D HEMATOMA SEROMA/FLUID COLLECTION^CPT4|20131001074500|||102|Min\rNTE|1||\rAIL|1|A|^ OR 19^^Open Heart|OR||20131001074500|||102|Min\rAIP|1|A|147305-1^Held^Douglas|Doctor||20131001074500|||102|Min\r",
         "Name": ""
      },
      {
         "Message": "MSH|^~\\&|SIS|Long Island Jewish Medical Center|null|null|20131001165233||SIU^S12|1152|T|2.4||||||SCHEDULED \nSCH|2560375|2560375|||||^RPR 1ST INGUN HRNA AGE 5 YRS/> REDUCIBLE - Location: Left Qty: ; Soffer, Samuel||89|Min|1^^89^20131001151500^20131001164400|211707^Soffer^Samuel||||||||4518^Wenthen^Lisa^|||||| PID|1||||Test^Default^||20020202000000|Male|||^^^^^||||||| \nPV1|1|O| OR 04||||^Soffer^Samuel|^Soffer^Samuel|||||||||||2560375 \nRGS|1|A|2560375 AIS|1|A|49505^RPR 1ST INGUN HRNA AGE 5 YRS/> REDUCIBLE^CPT4|20131001151500|||89|Min \nNTE|1|| \nAIL|1|A|^ OR 04^^Orthopedics|OR||20131001151500|||89|Min \nAIP|1|A|211707^Soffer^Samuel|Doctor||20131001151500|||89|Min ",
         "Name": ""
      },
      {
         "Message": "MSH|^~\\&|SIS|NSUH-Anesthesia|null|null|20131001163806||SIU^S13|1150|T|2.4||||||SCHEDULED\rSCH|2558900|2558900||||SCHEDULED^Reschedule|||360|Min|1^^360^20130930020000^20130930080000|^ANE AN01^DOCTOR||||||||15069^Cox^Alicia^||||||\rPID|1||||UMBRINO^ROCCO^||19640616000000|Male|||^^^^^|||||||\rPV1|1|O|ANGI/CATH||||^ANE AN01^DOCTOR|^ANE AN01^DOCTOR|||||||||||2558900\rRGS|1|U|2558900\rAIS|1|U|93651^ICAR CATH ABLTJ ARRHYTGNIC FOC SUPVENTR TCHYCAR^CPT4|20130930020000|||360|Min\rNTE|1||\rAIL|1|U|^ANGI/CATH^^|OR||20130930020000|||360|Min\rAIP|1|U|^ANE AN01^DOCTOR|Doctor||20130930020000|||360|Min\r",
         "Name": ""
      },
      {
         "Message": "MSH|^~\\&|SIS|NSUH-Anesthesia|null|null|20131002114134||SIU^S13|1200|T|2.4||||||SCHEDULED \nSCH|2542920|2542920||||SCHEDULED^Reschedule|||180|Min|1^^180^20131001100000^20131001130000|11111^ANE AN01^DOCTOR||||||||11949^Sacco^Marian^|||||| \nPID|1||||ERRICO^MICHELE^||19520224000000|Female|||^^^^^||||||| \nPV1|1|O|ANGI/CATH||||11111^ANE AN01^DOCTOR|^ANE AN01^DOCTOR|||||||||||2542920 \nRGS|1|U|2542920 \nAIS|1|U|PAST^PAST APPOINTMENT^CPT4|20131001100000|||180|Min \nNTE|1|| \nAIL|1|U|^ANGI/CATH^^|OR||20131001100000|||180|Min \nAIP|1|U|11111^ANE AN01^DOCTOR|Doctor||20131001100000|||180|Min ",
         "Name": ""
      },
      {
         "Message": "MSH|^~\\&|SIS|NSUH-Anesthesia|null|null|20131002124129||SIU^S14|1205|T|2.4||||||SCHEDULED\rSCH|2547606|2547606|||||^XSURGEON CONSULT Qty: ; ANE AN01, DOCTOR||60|Min|1^^60^20130905090000^20130905100000|7139^ANE AN01^DOCTOR||||||||11808^Shepherd^Dionica^||||||\rPID|1||||MEYERS^RUDOLPH^||19400306000000|Male|||^^^^^|||||||\rPV1|1|O|ANGI/CATH||||7139^ANE AN01^DOCTOR|7139^ANE AN01^DOCTOR|||||||||||2547606\rRGS|1|U|2547606\rAIS|1|U|XSURGEON CONSULT^XSURGEON CONSULT^CPT4|20130905090000|||60|Min\rNTE|1||\rAIL|1|U|^ANGI/CATH^^|OR||20130905090000|||60|Min\rAIP|1|U|7139^ANE AN01^DOCTOR|Doctor||20130905090000|||60|Min\r",
         "Name": ""
      },
      {
         "Message": "MSH|^~\\&|SIS|Long Island Jewish Medical Center|null|null|20131002125135||SIU^S12|1206|T|2.4||||||SCHEDULED\rSCH|2560459|2560459|||||^EXCISION PILONIDAL CYST/SINUS SIMPLE Qty: ; Soffer, Samuel||63|Min|1^^63^20131005080000^20131005090300|4995^Soffer^Samuel||||||||16166^Munger^Prudy^||||||\rPID|1||||TEST-2^LogiD^||19421214000000|Female|||^^^^^|||||||\rPV1|1|O| OR 01||||4995^Soffer^Samuel|4995^Soffer^Samuel|||||||||||2560459\rRGS|1|A|2560459\rAIS|1|A|11770^EXCISION PILONIDAL CYST/SINUS SIMPLE^CPT4|20131005080000|||63|Min\rNTE|1||\rAIL|1|A|^ OR 01^^ENT/Dental/Head & Neck|OR||20131005080000|||63|Min\rAIP|1|A|4995^Soffer^Samuel|Doctor||20131005080000|||63|Min\r",
         "Name": ""
      },
      {
         "Message": "MSH|^~\\&|SIS|Long Island Jewish Medical Center|null|null|20131002130314||SIU^S14|1209|T|2.4||||||SCHEDULED\rSCH|2560460|2560460|||||^NEPHROLITHOTOMY REMOVAL STAGE 1 Qty: ; Abrams, Henry J||150|Min|1^^150^20131005080000^20131005103000|4119^Abrams^Henry||||||||16166^Munger^Prudy^||||||\rPID|1||||TEST-3^LogiD^||19680321000000|Male|||^^^^^|||||||\rPV1|1|O|1007^ OR 07||||4119^Abrams^Henry|4119^Abrams^Henry|||||||||||2560460\rRGS|1|U|2560460\rAIS|1|U|50060^NEPHROLITHOTOMY REMOVAL STAGE 1^CPT4|20131005080000|||150|Min\rNTE|1||\rAIL|2|U|^1007^ OR 07^^Urology/Podiatry/Pediatrics|OR||20131005080000|||150|Min\rAIP|2|U|4119^Abrams^Henry|Doctor||20131005080000|||150|Min\r",
         "Name": ""
      },
      {
         "Message": "MSH|^~\\&|SIS|Long Island Jewish Medical Center|null|null|20131002143012||SIU^S12|1216|T|2.4||||||SCHEDULED\rSCH|2560360|2560360|||||^VAGINAL HYSTERECTOMY UTERUS 250 GM/< Qty:  | ANT COLPORRHAPHY CYSTOCELE W/WO RPR URETHROCELE Qty: ; Ascencio, Janice | BarZvi, Yehuda||148|Min|1^^148^20130930130000^20130930152800|6543^Ascencio^Janice||||||||16166^Munger^Prudy^||||||\rPID|1||||TEST-2^LogiD^||19421214000000|Female|||^^^^^|||||||\rPV1|1|O|1007^ OR 07||||6543^Ascencio^Janice|6543^Ascencio^Janice|||||||||||2560360\rRGS|1|A|2560360\rAIS|1|A|58260^VAGINAL HYSTERECTOMY UTERUS 250 GM/<^CPT4|20130930130000|||148|Min\rNTE|1||\rAIS|2|A|57240^ANT COLPORRHAPHY CYSTOCELE W/WO RPR URETHROCELE^CPT4|20130930130000|||148|Min\rNTE|2||\rAIL|3|A|^1007^ OR 07^^Urology/Podiatry/Pediatrics|OR||20130930130000|||148|Min\rAIP|3|A|2674~6543^BarZvi~Ascencio^Yehuda~Janice|Doctor||20130930130000|||148|Min\r",
         "Name": ""
      },
      {
         "Message": "MSH|^~\\&|SIS|Long Island Jewish Medical Center|null|null|20131018161824||SIU^S12|2852|T|2.4||||||SCHEDULED\rSCH|2563082|2563082|||||^NEPHROLITHOTOMY REMOVAL STAGE 1 Qty: ; Abrams, Henry J||120|Min|1^^120^20131020104500^20131020124500|4119^Abrams^Henry||||||||16166^Munger^Prudy^||||||\rPID|1||||TEST-10^Logi-D^||19611219000000|Male|||^^^^^|||||||\rPV1|1|O|1002^ OR 02||||4119^Abrams^Henry|4119^Abrams^Henry|||||||||||2563082\rRGS|1|A|2563082\rAIS|1|A|50060^NEPHROLITHOTOMY REMOVAL STAGE 1^CPT4|20131020104500|||120|Min\rNTE|1||\rAIL|2|A|^1002^ OR 02^^ENT/Dental/Head & Neck|OR||20131020104500|||120|Min\rAIP|2|A|4119^Abrams^Henry|Doctor||20131020104500|||120|Min\r",
         "Name": ""
      },
      {
         "Message": "MSH|^~\\&|SIS|Long Island Jewish Medical Center|null|null|20131018100627||SIU^S13|2701|T|2.4||||||SCHEDULED\rSCH|2554940|2554940||||SCHEDULED^Reschedule|||118|Min|1^^118^20131017083000^20131017102800|2291^Sher^Marc||||||||11045^Gilliland^Laura^||||||\rPID|1||||SANTOS^BARTOLO^||19320823000000|Male|||^^^^^|||||||\rPV1|1|O|1010^ OR 10||||2291^Sher^Marc|2291^Sher^Marc|||||||||||2554940\rRGS|1|U|2554940\rAIS|1|U|11770^EXCISION PILONIDAL CYST/SINUS SIMPLE^CPT4|20131017083000|||118|Min\rNTE|1||\rAIS|2|U|52000^CYSTOURETHROSCOPY^CPT4|20131017083000|||118|Min\rNTE|2||\rAIL|3|U|^1010^ OR 10^^General Surgery|OR||20131017083000|||118|Min\rAIP|3|U|2291~4124^Sher~Barnswell^Marc~Carlton|Doctor||20131017083000|||118|Min\r",
         "Name": ""
      },
      {
         "Message": "MSH|^~\\&|SIS|Long Island Jewish Medical Center|null|null|20131018102108||SIU^S13|2734|T|2.4||||||SCHEDULED\rSCH|2551984|2551984||||SCHEDULED^Reschedule|||180|Min|1^^180^20131018074500^20131018104500|3201^Rafiy^Philip||||||||15812^Zuba^Carolyn^||||||\rPID|1||||YOON^HYENJOO^||19680315000000|Female|||^^^^^|||||||\rPV1|1|O|1010^ OR 10||||3201^Rafiy^Philip|3201^Rafiy^Philip|||||||||||2551984\rRGS|1|U|2551984\rAIS|1|U|63075^DISCECTOMY ANT DCMPRN CORD CERVICAL 1 NTRSPC^CPT4|20131018074500|||180|Min\rNTE|1||\rAIS|2|U|22554^ARTHRD ANT MIN DISCECT INTERBODY CERV BELOW C2^CPT4|20131018074500|||180|Min\rNTE|2||\rAIS|3|U|22845^ANTERIOR INSTRUMENTATION 2-3 VERTEBRAL SEGMENTS^CPT4|20131018074500|||180|Min\rNTE|3||\rAIS|4|U|22851^APPLICATION INTERVERTEBRAL BIOMECHANICAL DEVICE^CPT4|20131018074500|||180|Min\rNTE|4||\rAIS|5|U|20950^MNTR INTERSTITIAL FLUID PRESSURE CMPRT SYNDROME^CPT4|20131018074500|||180|Min\rNTE|5||\rAIL|6|U|^1010^ OR 10^^General Surgery|OR||20131018074500|||180|Min\rAIP|6|U|3201^Rafiy^Philip|Doctor||20131018074500|||180|Min\r",
         "Name": ""
      },
      {
         "Message": "MSH|^~\\&|SIS|Long Island Jewish Medical Center|null|null|20131218164947||SIU^S13|28002|T|2.4||||||SCHEDULED\rSCH|2609691|2609691||||SCHEDULED^Reschedule|||270|Min|1^^270^20131220073000^20131220120000|12526^Meyer^David||||||||4280^Gaskin^Susan^||||||\rPID|1||||LAMENDOLA^MALE^||20131012000000|Male|||^^^^^|||||||\rPV1|1|O|1003^ OR 03||||12526^Meyer^David|12526^Meyer^David|||||||||||2609691\rRGS|1|U|2609691\rAIS|1|U|33414^RPR VENTR O/F TRC OBSTRCJ PATCH ENLGMENT O/F TRC^CPT4|20131220073000|||270|Min\rNTE|1||\rAIL|2|U|^1003^ OR 03^^Open Heart|OR||20131220073000|||270|Min\rAIP|2|U|12526^Meyer^David|Doctor||20131220073000|||270|Min\r",
         "Name": ""
      }
   ]
}